This is LuaHBTeX, Version 1.24.0 (TeX Live 2026)  (format=lualatex 2026.3.5)  16 MAR 2026 15:37
 restricted system commands enabled.
**main.tex
(./main.tex
LaTeX2e <2025-11-01>
L3 programming layer <2026-01-19>
Lua module: luaotfload 2024-12-03 v3.29 Lua based OpenType font support
Lua module: lualibs 2023-07-13 v2.76 ConTeXt Lua standard libraries.
Lua module: lualibs-extended 2023-07-13 v2.76 ConTeXt Lua libraries -- extended 
collection.
luaotfload | conf : Root cache directory is "C:/texlive/2026/texmf-var/luatex-ca
che/generic/names".
luaotfload | init : Loading fontloader "fontloader-2023-12-28.lua" from kpse-res
olved path "c:/texlive/2026/texmf-dist/tex/luatex/luaotfload/fontloader-2023-12-
28.lua".
Lua-only attribute luaotfload@noligature = 1
luaotfload | init : Context OpenType loader version 3.134
Inserting `luaotfload.node_processor' in `pre_linebreak_filter'.
Inserting `luaotfload.node_processor' in `hpack_filter'.
Inserting `luaotfload.glyph_stream' in `glyph_stream_provider'.
Inserting `luaotfload.define_font' in `define_font'.
Lua-only attribute luaotfload_color_attribute = 2
luaotfload | conf : Root cache directory is "C:/texlive/2026/texmf-var/luatex-ca
che/generic/names".
Inserting `luaotfload.harf.strip_prefix' in `find_opentype_file'.
Inserting `luaotfload.harf.strip_prefix' in `find_truetype_file'.
Removing  `luaotfload.glyph_stream' from `glyph_stream_provider'.
Inserting `luaotfload.harf.glyphstream' in `glyph_stream_provider'.
Inserting `luaotfload.harf.finalize_vlist' in `post_linebreak_filter'.
Inserting `luaotfload.harf.finalize_hlist' in `hpack_filter'.
Inserting `luaotfload.cleanup_files' in `wrapup_run'.
Inserting `luaotfload.harf.finalize_unicode' in `finish_pdffile'.
Inserting `luaotfload.glyphinfo' in `glyph_info'.
Lua-only attribute luaotfload.letterspace_done = 3
Inserting `luaotfload.aux.set_sscale_dimens' in `luaotfload.patch_font'.
Inserting `luaotfload.aux.set_font_index' in `luaotfload.patch_font'.
Inserting `luaotfload.aux.patch_cambria_domh' in `luaotfload.patch_font'.
Inserting `luaotfload.aux.fixup_fontdata' in `luaotfload.patch_font_unsafe'.
Inserting `luaotfload.aux.set_capheight' in `luaotfload.patch_font'.
Inserting `luaotfload.aux.set_xheight' in `luaotfload.patch_font'.
Inserting `luaotfload.rewrite_fontname' in `luaotfload.patch_font'.
Inserting `tracingstacklevels' in `input_level_string'. (c:/texlive/2026/texmf-
dist/tex/latex/ctex/ctexrep.cls
(c:/texlive/2026/texmf-dist/tex/latex/ctex/config/ctexbackend.cfg
File: ctexbackend.cfg 2022/07/14 v2.5.10 Backend configuration file (CTEX)
)
(c:/texlive/2026/texmf-dist/tex/latex/l3kernel/expl3.sty
Package: expl3 2026-01-19 L3 programming layer (loader) 

(c:/texlive/2026/texmf-dist/tex/latex/l3backend/l3backend-luatex.def
File: l3backend-luatex.def 2025-10-09 L3 backend support: PDF output (LuaTeX)
\l__color_backend_stack_int=\count273
Inserting `l3color' in `luaotfload.parse_color'.))
Document Class: ctexrep 2022/07/14 v2.5.10 Chinese adapter for class report (CT
EX)
(c:/texlive/2026/texmf-dist/tex/latex/ctex/ctexhook.sty
Package: ctexhook 2022/07/14 v2.5.10 Document and package hooks (CTEX)
\c__ctex_package_cctab=\catcodetable14
)
(c:/texlive/2026/texmf-dist/tex/latex/ctex/ctexpatch.sty
Package: ctexpatch 2022/07/14 v2.5.10 Patching commands (CTEX)
)
(c:/texlive/2026/texmf-dist/tex/latex/base/fix-cm.sty
Package: fix-cm 2020/11/24 v1.1t fixes to LaTeX

(c:/texlive/2026/texmf-dist/tex/latex/base/ts1enc.def
File: ts1enc.def 2001/06/05 v3.0e (jk/car/fm) Standard LaTeX file
LaTeX Font Info:    Redeclaring font encoding TS1 on input line 47.
LaTeX Encoding Info:    Redeclaring text command \capitalcedilla (encoding TS1)
 on input line 49.
LaTeX Encoding Info:    Redeclaring text command \capitalogonek (encoding TS1) 
on input line 52.
LaTeX Encoding Info:    Redeclaring text command \capitalgrave (encoding TS1) o
n input line 55.
LaTeX Encoding Info:    Redeclaring text command \capitalacute (encoding TS1) o
n input line 56.
LaTeX Encoding Info:    Redeclaring text command \capitalcircumflex (encoding T
S1) on input line 57.
LaTeX Encoding Info:    Redeclaring text command \capitaltilde (encoding TS1) o
n input line 58.
LaTeX Encoding Info:    Redeclaring text command \capitaldieresis (encoding TS1
) on input line 59.
LaTeX Encoding Info:    Redeclaring text command \capitalhungarumlaut (encoding
 TS1) on input line 60.
LaTeX Encoding Info:    Redeclaring text command \capitalring (encoding TS1) on
 input line 61.
LaTeX Encoding Info:    Redeclaring text command \capitalcaron (encoding TS1) o
n input line 62.
LaTeX Encoding Info:    Redeclaring text command \capitalbreve (encoding TS1) o
n input line 63.
LaTeX Encoding Info:    Redeclaring text command \capitalmacron (encoding TS1) 
on input line 64.
LaTeX Encoding Info:    Redeclaring text command \capitaldotaccent (encoding TS
1) on input line 65.
LaTeX Encoding Info:    Redeclaring text command \t (encoding TS1) on input lin
e 66.
LaTeX Encoding Info:    Redeclaring text command \capitaltie (encoding TS1) on 
input line 67.
LaTeX Encoding Info:    Redeclaring text command \newtie (encoding TS1) on inpu
t line 68.
LaTeX Encoding Info:    Redeclaring text command \capitalnewtie (encoding TS1) 
on input line 69.
LaTeX Encoding Info:    Redeclaring text symbol \textcapitalcompwordmark (encod
ing TS1) on input line 70.
LaTeX Encoding Info:    Redeclaring text symbol \textascendercompwordmark (enco
ding TS1) on input line 71.
LaTeX Encoding Info:    Redeclaring text symbol \textquotestraightbase (encodin
g TS1) on input line 72.
LaTeX Encoding Info:    Redeclaring text symbol \textquotestraightdblbase (enco
ding TS1) on input line 73.
LaTeX Encoding Info:    Redeclaring text symbol \texttwelveudash (encoding TS1)
 on input line 74.
LaTeX Encoding Info:    Redeclaring text symbol \textthreequartersemdash (encod
ing TS1) on input line 75.
LaTeX Encoding Info:    Redeclaring text symbol \textleftarrow (encoding TS1) o
n input line 76.
LaTeX Encoding Info:    Redeclaring text symbol \textrightarrow (encoding TS1) 
on input line 77.
LaTeX Encoding Info:    Redeclaring text symbol \textblank (encoding TS1) on in
put line 78.
LaTeX Encoding Info:    Redeclaring text symbol \textdollar (encoding TS1) on i
nput line 79.
LaTeX Encoding Info:    Redeclaring text symbol \textquotesingle (encoding TS1)
 on input line 80.
LaTeX Encoding Info:    Redeclaring text command \textasteriskcentered (encodin
g TS1) on input line 81.
LaTeX Encoding Info:    Redeclaring text symbol \textdblhyphen (encoding TS1) o
n input line 92.
LaTeX Encoding Info:    Redeclaring text symbol \textfractionsolidus (encoding 
TS1) on input line 93.
LaTeX Encoding Info:    Redeclaring text symbol \textzerooldstyle (encoding TS1
) on input line 94.
LaTeX Encoding Info:    Redeclaring text symbol \textoneoldstyle (encoding TS1)
 on input line 95.
LaTeX Encoding Info:    Redeclaring text symbol \texttwooldstyle (encoding TS1)
 on input line 96.
LaTeX Encoding Info:    Redeclaring text symbol \textthreeoldstyle (encoding TS
1) on input line 97.
LaTeX Encoding Info:    Redeclaring text symbol \textfouroldstyle (encoding TS1
) on input line 98.
LaTeX Encoding Info:    Redeclaring text symbol \textfiveoldstyle (encoding TS1
) on input line 99.
LaTeX Encoding Info:    Redeclaring text symbol \textsixoldstyle (encoding TS1)
 on input line 100.
LaTeX Encoding Info:    Redeclaring text symbol \textsevenoldstyle (encoding TS
1) on input line 101.
LaTeX Encoding Info:    Redeclaring text symbol \texteightoldstyle (encoding TS
1) on input line 102.
LaTeX Encoding Info:    Redeclaring text symbol \textnineoldstyle (encoding TS1
) on input line 103.
LaTeX Encoding Info:    Redeclaring text symbol \textlangle (encoding TS1) on i
nput line 104.
LaTeX Encoding Info:    Redeclaring text symbol \textminus (encoding TS1) on in
put line 105.
LaTeX Encoding Info:    Redeclaring text symbol \textrangle (encoding TS1) on i
nput line 106.
LaTeX Encoding Info:    Redeclaring text symbol \textmho (encoding TS1) on inpu
t line 107.
LaTeX Encoding Info:    Redeclaring text symbol \textbigcircle (encoding TS1) o
n input line 108.
LaTeX Encoding Info:    Redeclaring text command \textcircled (encoding TS1) on
 input line 109.
LaTeX Encoding Info:    Redeclaring text symbol \textohm (encoding TS1) on inpu
t line 115.
LaTeX Encoding Info:    Redeclaring text symbol \textlbrackdbl (encoding TS1) o
n input line 116.
LaTeX Encoding Info:    Redeclaring text symbol \textrbrackdbl (encoding TS1) o
n input line 117.
LaTeX Encoding Info:    Redeclaring text symbol \textuparrow (encoding TS1) on 
input line 118.
LaTeX Encoding Info:    Redeclaring text symbol \textdownarrow (encoding TS1) o
n input line 119.
LaTeX Encoding Info:    Redeclaring text symbol \textasciigrave (encoding TS1) 
on input line 120.
LaTeX Encoding Info:    Redeclaring text symbol \textborn (encoding TS1) on inp
ut line 121.
LaTeX Encoding Info:    Redeclaring text symbol \textdivorced (encoding TS1) on
 input line 122.
LaTeX Encoding Info:    Redeclaring text symbol \textdied (encoding TS1) on inp
ut line 123.
LaTeX Encoding Info:    Redeclaring text symbol \textleaf (encoding TS1) on inp
ut line 124.
LaTeX Encoding Info:    Redeclaring text symbol \textmarried (encoding TS1) on 
input line 125.
LaTeX Encoding Info:    Redeclaring text symbol \textmusicalnote (encoding TS1)
 on input line 126.
LaTeX Encoding Info:    Redeclaring text symbol \texttildelow (encoding TS1) on
 input line 127.
LaTeX Encoding Info:    Redeclaring text symbol \textdblhyphenchar (encoding TS
1) on input line 128.
LaTeX Encoding Info:    Redeclaring text symbol \textasciibreve (encoding TS1) 
on input line 129.
LaTeX Encoding Info:    Redeclaring text symbol \textasciicaron (encoding TS1) 
on input line 130.
LaTeX Encoding Info:    Redeclaring text symbol \textacutedbl (encoding TS1) on
 input line 131.
LaTeX Encoding Info:    Redeclaring text symbol \textgravedbl (encoding TS1) on
 input line 132.
LaTeX Encoding Info:    Redeclaring text symbol \textdagger (encoding TS1) on i
nput line 133.
LaTeX Encoding Info:    Redeclaring text symbol \textdaggerdbl (encoding TS1) o
n input line 134.
LaTeX Encoding Info:    Redeclaring text symbol \textbardbl (encoding TS1) on i
nput line 135.
LaTeX Encoding Info:    Redeclaring text symbol \textperthousand (encoding TS1)
 on input line 136.
LaTeX Encoding Info:    Redeclaring text symbol \textbullet (encoding TS1) on i
nput line 137.
LaTeX Encoding Info:    Redeclaring text symbol \textcelsius (encoding TS1) on 
input line 138.
LaTeX Encoding Info:    Redeclaring text symbol \textdollaroldstyle (encoding T
S1) on input line 139.
LaTeX Encoding Info:    Redeclaring text symbol \textcentoldstyle (encoding TS1
) on input line 140.
LaTeX Encoding Info:    Redeclaring text symbol \textflorin (encoding TS1) on i
nput line 141.
LaTeX Encoding Info:    Redeclaring text symbol \textcolonmonetary (encoding TS
1) on input line 142.
LaTeX Encoding Info:    Redeclaring text symbol \textwon (encoding TS1) on inpu
t line 143.
LaTeX Encoding Info:    Redeclaring text symbol \textnaira (encoding TS1) on in
put line 144.
LaTeX Encoding Info:    Redeclaring text symbol \textguarani (encoding TS1) on 
input line 145.
LaTeX Encoding Info:    Redeclaring text symbol \textpeso (encoding TS1) on inp
ut line 146.
LaTeX Encoding Info:    Redeclaring text symbol \textlira (encoding TS1) on inp
ut line 147.
LaTeX Encoding Info:    Redeclaring text symbol \textrecipe (encoding TS1) on i
nput line 148.
LaTeX Encoding Info:    Redeclaring text symbol \textinterrobang (encoding TS1)
 on input line 149.
LaTeX Encoding Info:    Redeclaring text symbol \textinterrobangdown (encoding 
TS1) on input line 150.
LaTeX Encoding Info:    Redeclaring text symbol \textdong (encoding TS1) on inp
ut line 151.
LaTeX Encoding Info:    Redeclaring text symbol \texttrademark (encoding TS1) o
n input line 152.
LaTeX Encoding Info:    Redeclaring text symbol \textpertenthousand (encoding T
S1) on input line 153.
LaTeX Encoding Info:    Redeclaring text symbol \textpilcrow (encoding TS1) on 
input line 154.
LaTeX Encoding Info:    Redeclaring text symbol \textbaht (encoding TS1) on inp
ut line 155.
LaTeX Encoding Info:    Redeclaring text symbol \textnumero (encoding TS1) on i
nput line 156.
LaTeX Encoding Info:    Redeclaring text symbol \textdiscount (encoding TS1) on
 input line 157.
LaTeX Encoding Info:    Redeclaring text symbol \textestimated (encoding TS1) o
n input line 158.
LaTeX Encoding Info:    Redeclaring text symbol \textopenbullet (encoding TS1) 
on input line 159.
LaTeX Encoding Info:    Redeclaring text symbol \textservicemark (encoding TS1)
 on input line 160.
LaTeX Encoding Info:    Redeclaring text symbol \textlquill (encoding TS1) on i
nput line 161.
LaTeX Encoding Info:    Redeclaring text symbol \textrquill (encoding TS1) on i
nput line 162.
LaTeX Encoding Info:    Redeclaring text symbol \textcent (encoding TS1) on inp
ut line 163.
LaTeX Encoding Info:    Redeclaring text symbol \textsterling (encoding TS1) on
 input line 164.
LaTeX Encoding Info:    Redeclaring text symbol \textcurrency (encoding TS1) on
 input line 165.
LaTeX Encoding Info:    Redeclaring text symbol \textyen (encoding TS1) on inpu
t line 166.
LaTeX Encoding Info:    Redeclaring text symbol \textbrokenbar (encoding TS1) o
n input line 167.
LaTeX Encoding Info:    Redeclaring text symbol \textsection (encoding TS1) on 
input line 168.
LaTeX Encoding Info:    Redeclaring text symbol \textasciidieresis (encoding TS
1) on input line 169.
LaTeX Encoding Info:    Redeclaring text symbol \textcopyright (encoding TS1) o
n input line 170.
LaTeX Encoding Info:    Redeclaring text symbol \textordfeminine (encoding TS1)
 on input line 171.
LaTeX Encoding Info:    Redeclaring text symbol \textcopyleft (encoding TS1) on
 input line 172.
LaTeX Encoding Info:    Redeclaring text symbol \textlnot (encoding TS1) on inp
ut line 173.
LaTeX Encoding Info:    Redeclaring text symbol \textcircledP (encoding TS1) on
 input line 174.
LaTeX Encoding Info:    Redeclaring text symbol \textregistered (encoding TS1) 
on input line 175.
LaTeX Encoding Info:    Redeclaring text symbol \textasciimacron (encoding TS1)
 on input line 176.
LaTeX Encoding Info:    Redeclaring text symbol \textdegree (encoding TS1) on i
nput line 177.
LaTeX Encoding Info:    Redeclaring text symbol \textpm (encoding TS1) on input
 line 178.
LaTeX Encoding Info:    Redeclaring text symbol \texttwosuperior (encoding TS1)
 on input line 179.
LaTeX Encoding Info:    Redeclaring text symbol \textthreesuperior (encoding TS
1) on input line 180.
LaTeX Encoding Info:    Redeclaring text symbol \textasciiacute (encoding TS1) 
on input line 181.
LaTeX Encoding Info:    Redeclaring text symbol \textmu (encoding TS1) on input
 line 182.
LaTeX Encoding Info:    Redeclaring text symbol \textparagraph (encoding TS1) o
n input line 183.
LaTeX Encoding Info:    Redeclaring text symbol \textperiodcentered (encoding T
S1) on input line 184.
LaTeX Encoding Info:    Redeclaring text symbol \textreferencemark (encoding TS
1) on input line 185.
LaTeX Encoding Info:    Redeclaring text symbol \textonesuperior (encoding TS1)
 on input line 186.
LaTeX Encoding Info:    Redeclaring text symbol \textordmasculine (encoding TS1
) on input line 187.
LaTeX Encoding Info:    Redeclaring text symbol \textsurd (encoding TS1) on inp
ut line 188.
LaTeX Encoding Info:    Redeclaring text symbol \textonequarter (encoding TS1) 
on input line 189.
LaTeX Encoding Info:    Redeclaring text symbol \textonehalf (encoding TS1) on 
input line 190.
LaTeX Encoding Info:    Redeclaring text symbol \textthreequarters (encoding TS
1) on input line 191.
LaTeX Encoding Info:    Redeclaring text symbol \texteuro (encoding TS1) on inp
ut line 192.
LaTeX Encoding Info:    Redeclaring text symbol \texttimes (encoding TS1) on in
put line 193.
LaTeX Encoding Info:    Redeclaring text symbol \textdiv (encoding TS1) on inpu
t line 194.
))
\l__ctex_tmp_int=\count274
\l__ctex_tmp_box=\box53
\l__ctex_tmp_dim=\dimen147
\g__ctex_section_depth_int=\count275
\g__ctex_font_size_int=\count276
\g__cctab_next_cctab=\catcodetable15

(c:/texlive/2026/texmf-dist/tex/latex/ctex/config/ctexopts.cfg
File: ctexopts.cfg 2022/07/14 v2.5.10 Option configuration file (CTEX)
)
(c:/texlive/2026/texmf-dist/tex/latex/base/report.cls
Document Class: report 2025/01/22 v1.4n Standard LaTeX document class
(c:/texlive/2026/texmf-dist/tex/latex/base/size11.clo
File: size11.clo 2025/01/22 v1.4n Standard LaTeX file (size option)
luaotfload | db : Font names database loaded from C:/texlive/2026/texmf-var/luat
ex-cache/generic/names/luaotfload-names.luc.gz)
\c@part=\count277
\c@chapter=\count278
\c@section=\count279
\c@subsection=\count280
\c@subsubsection=\count281
\c@paragraph=\count282
\c@subparagraph=\count283
\c@figure=\count284
\c@table=\count285
\abovecaptionskip=\skip49
\belowcaptionskip=\skip50
\bibindent=\dimen148
)
(c:/texlive/2026/texmf-dist/tex/latex/ctex/engine/ctex-engine-luatex.def
File: ctex-engine-luatex.def 2022/07/14 v2.5.10 LuaLaTeX adapter (CTEX)

(c:/texlive/2026/texmf-dist/tex/luatex/luatexja/luatexja.sty
Package: luatexja 2026-01-30 Japanese Typesetting with Lua(La)TeX

(c:/texlive/2026/texmf-dist/tex/luatex/luatexja/luatexja-core.sty
Package: luatexja-core 2023-10-07 Core of LuaTeX-ja

(c:/texlive/2026/texmf-dist/tex/generic/infwarerr/infwarerr.sty
Package: infwarerr 2019/12/03 v1.5 Providing info/warning/error messages (HO)
)
(c:/texlive/2026/texmf-dist/tex/luatex/luatexbase/luatexbase.sty
Package: luatexbase 2015/10/04 v1.3 luatexbase interface to LuaTeX 

(c:/texlive/2026/texmf-dist/tex/luatex/ctablestack/ctablestack.sty
Package: ctablestack 2015/10/01 v1.0 Catcode table stable support
\@catcodetablestackcnt=\count286
)
\CatcodeTableOther=\catcodetable16
\CatcodeTableExpl=\catcodetable17
)
(c:/texlive/2026/texmf-dist/tex/generic/ltxcmds/ltxcmds.sty
Package: ltxcmds 2023-12-04 v1.26 LaTeX kernel commands for general use (HO)
)
(c:/texlive/2026/texmf-dist/tex/generic/pdftexcmds/pdftexcmds.sty
Package: pdftexcmds 2020-06-27 v0.33 Utility functions of pdfTeX for LuaTeX (HO
)

(c:/texlive/2026/texmf-dist/tex/generic/iftex/iftex.sty
Package: iftex 2024/12/12 v1.0g TeX engine tests
)
Package pdftexcmds Info: \pdf@primitive is available.
Package pdftexcmds Info: \pdf@ifprimitive is available.
Package pdftexcmds Info: \pdfdraftmode found.
\pdftexcmds@toks=\toks17
)
(c:/texlive/2026/texmf-dist/tex/latex/xkeyval/xkeyval.sty
Package: xkeyval 2025/11/04 v2.10 package option processing (HA)

(c:/texlive/2026/texmf-dist/tex/generic/xkeyval/xkeyval.tex
(c:/texlive/2026/texmf-dist/tex/generic/xkeyval/xkvutils.tex
\XKV@toks=\toks18
\XKV@tempa@toks=\toks19
\XKV@tempb@toks=\toks20

(c:/texlive/2026/texmf-dist/tex/generic/xkeyval/keyval.tex))
\XKV@depth=\count287
File: xkeyval.tex 2014/12/03 v2.7a key=value parser (HA)
))
(c:/texlive/2026/texmf-dist/tex/latex/etoolbox/etoolbox.sty
Package: etoolbox 2025/10/02 v2.5m e-TeX tools for LaTeX (JAW)
\etb@tempcnta=\count288
)
(c:/texlive/2026/texmf-dist/tex/latex/everyhook/everyhook.sty
(c:/texlive/2026/texmf-dist/tex/latex/svn-prov/svn-prov.sty
Package: svn-prov 2010/04/24 v3.1862 Package Date/Version from SVN Keywords
)
Package: everyhook 2014/11/26 v1.2 (SVN Rev: 12)\ Hooks for low level TeX every
X primitives.
\everypar=\toks21
\frozen@everymath=\toks22
\frozen@everydisplay=\toks23
\everyhbox=\toks24
\everyvbox=\toks25
\everycr=\toks26
)
\ltjlineendcomment=\count289
\ltj@dimen@zw=\dimen149
\ltj@dimen@zh=\dimen150
\ltj@dimen@jQ=\dimen151
\ltj@icflag=\attribute4
\ltj@curjfnt=\attribute5
\ltj@curtfnt=\attribute6
\ltj@charclass=\attribute7
\ltj@charcode=\attribute8
\ltj@autospc=\attribute9
\ltj@autoxspc=\attribute10
\ltj@yablshift=\attribute11
\ltj@ykblshift=\attribute12
\ltj@tablshift=\attribute13
\ltj@tkblshift=\attribute14
\jfam=\attribute15
\ltj@vert@ori=\attribute16
\ltj@dir=\attribute17
\ltj@@japanese=\language2
\ltj@tempcnta=\count290
\ltj@tempdima=\dimen152
\ltj@@stack=\count291
\ltj@@group@level=\count292
\ltj@kcat0=\attribute18
\ltj@kcat1=\attribute19
\ltj@kcat2=\attribute20
\ltj@kcat3=\attribute21
\ltj@kcat4=\attribute22
\ltj@kcat5=\attribute23
\ltj@kcat6=\attribute24
Custom whatsit inhibitglue = 1
Custom whatsit stack_marker = 2
Custom whatsit begin_par = 3
Custom whatsit direction = 4
Custom whatsit box_boundary = 5
Custom whatsit ja_al_boundary = 6
Module luatexbase Info: Uninstalling kernel luatexbase code on input line 184
(load cache: ltj-cid-auto-adobe-japan1.luc)
Lua module: luatexja.charrange 2022-08-19 Handling the range of Japanese charact
ers
Lua module: luatexja.stack 2022-08-20 LuaTeX-ja stack system
Inserting `ltj.create_dir_whatsit' in `hpack_filter'.
Inserting `ltj.create_dir_whatsit' in `post_linebreak_filter'.
Inserting `ltj.direction' in `vpack_filter'.
Inserting `ltj.direction' in `pre_output_filter'.
Inserting `ltj.lineskip' in `post_linebreak_filter'.
Inserting `ltj.lineskip' in `append_to_vlist_filter'.
Lua module: luatexja.jfont 2025-05-04 Loader for Japanese fonts
Removing  `luaotfload.define_font' from `define_font'.
Inserting `luatexja.font_callback' in `define_font'.
Removing  `luaotfload.aux.set_sscale_dimens' from `luaotfload.patch_font'.
Removing  `luaotfload.aux.set_font_index' from `luaotfload.patch_font'.
Removing  `luaotfload.aux.patch_cambria_domh' from `luaotfload.patch_font'.
Removing  `luaotfload.aux.set_capheight' from `luaotfload.patch_font'.
Removing  `luaotfload.aux.set_xheight' from `luaotfload.patch_font'.
Removing  `luaotfload.rewrite_fontname' from `luaotfload.patch_font'.
Inserting `ltj.prepare_extra_data' in `luaotfload.patch_font'.
Inserting `luaotfload.aux.set_sscale_dimens' in `luaotfload.patch_font'.
Inserting `luaotfload.aux.set_font_index' in `luaotfload.patch_font'.
Inserting `luaotfload.aux.patch_cambria_domh' in `luaotfload.patch_font'.
Inserting `luaotfload.aux.set_capheight' in `luaotfload.patch_font'.
Inserting `luaotfload.aux.set_xheight' in `luaotfload.patch_font'.
Inserting `luaotfload.rewrite_fontname' in `luaotfload.patch_font'.
Inserting `ltj.prepare_extra_data' in `luatexja.define_font'.(load cache: extra_
lmroman10-regular.luc)
Inserting `ltj.get_vert_form' in `luatexja.define_jfont'.
Removing  `ltj.prepare_extra_data' from `luaotfload.patch_font'.
Removing  `luaotfload.aux.set_sscale_dimens' from `luaotfload.patch_font'.
Removing  `luaotfload.aux.set_font_index' from `luaotfload.patch_font'.
Removing  `luaotfload.aux.patch_cambria_domh' from `luaotfload.patch_font'.
Removing  `luaotfload.aux.set_capheight' from `luaotfload.patch_font'.
Removing  `luaotfload.aux.set_xheight' from `luaotfload.patch_font'.
Removing  `luaotfload.rewrite_fontname' from `luaotfload.patch_font'.
Inserting `ltj.supply_tounicode' in `luaotfload.patch_font'.
Inserting `ltj.prepare_extra_data' in `luaotfload.patch_font'.
Inserting `luaotfload.aux.set_sscale_dimens' in `luaotfload.patch_font'.
Inserting `luaotfload.aux.set_font_index' in `luaotfload.patch_font'.
Inserting `luaotfload.aux.patch_cambria_domh' in `luaotfload.patch_font'.
Inserting `luaotfload.aux.set_capheight' in `luaotfload.patch_font'.
Inserting `luaotfload.aux.set_xheight' in `luaotfload.patch_font'.
Inserting `luaotfload.rewrite_fontname' in `luaotfload.patch_font'.
Inserting `ltj.process_input_buffer' in `process_input_buffer'.
Inserting `ltj.hyphenate' in `hyphenate'.
Removing  `luaotfload.node_processor' from `hpack_filter'.
Removing  `luaotfload.harf.finalize_hlist' from `hpack_filter'.
Removing  `ltj.create_dir_whatsit' from `hpack_filter'.
Inserting `ltj.set_stack_level' in `hpack_filter'.
Inserting `luaotfload.node_processor' in `hpack_filter'.
Inserting `luaotfload.harf.finalize_hlist' in `hpack_filter'.
Inserting `ltj.create_dir_whatsit' in `hpack_filter'.
Removing  `luaotfload.node_processor' from `pre_linebreak_filter'.
Inserting `ltj.set_stack_level' in `pre_linebreak_filter'.
Inserting `luaotfload.node_processor' in `pre_linebreak_filter'.
Lua module: luatexja.jfmglue 2026-01-07 Insertion process of JFM glues, [x]kanji
skip and others
Inserting `luatexja.beginpar.np_info' in `luatexja.jfmglue.whatsit_getinfo'.
Inserting `luatexja.beginpar.np_info_after' in `luatexja.jfmglue.whatsit_after'.
Inserting `ltj.mlist_to_hlist_pre' in `pre_mlist_to_hlist_filter'.
Inserting `ltj.main' in `pre_linebreak_filter'.
Removing  `luaotfload.harf.finalize_hlist' from `hpack_filter'.
Removing  `ltj.create_dir_whatsit' from `hpack_filter'.
Inserting `ltj.main' in `hpack_filter'.
Inserting `luaotfload.harf.finalize_hlist' in `hpack_filter'.
Inserting `ltj.create_dir_whatsit' in `hpack_filter'.
Removing  `ltj.set_stack_level' from `pre_linebreak_filter'.
Removing  `luaotfload.node_processor' from `pre_linebreak_filter'.
Removing  `ltj.main' from `pre_linebreak_filter'.
Inserting `ltj.adjust_icflag' in `pre_linebreak_filter'.
Inserting `ltj.set_stack_level' in `pre_linebreak_filter'.
Inserting `luaotfload.node_processor' in `pre_linebreak_filter'.
Inserting `ltj.main' in `pre_linebreak_filter'.
Removing  `ltj.set_stack_level' from `hpack_filter'.
Removing  `luaotfload.node_processor' from `hpack_filter'.
Removing  `ltj.main' from `hpack_filter'.
Removing  `luaotfload.harf.finalize_hlist' from `hpack_filter'.
Removing  `ltj.create_dir_whatsit' from `hpack_filter'.
Inserting `ltj.adjust_icflag' in `hpack_filter'.
Inserting `ltj.set_stack_level' in `hpack_filter'.
Inserting `luaotfload.node_processor' in `hpack_filter'.
Inserting `ltj.main' in `hpack_filter'.
Inserting `luaotfload.harf.finalize_hlist' in `hpack_filter'.
Inserting `ltj.create_dir_whatsit' in `hpack_filter'.
(c:/texlive/2026/texmf-dist/tex/luatex/luatexja/ltj-base.sty
Package: ltj-base 2021-03-16
\ltj@tempcntb=\count293
\ltj@tempcntc=\count294
\ltj@afbox=\box54
)
\ltj@@italic@inner=\luafunction31
\ltj@@start@time@measure@inner=\luafunction32
\ltj@@stop@time@measure@inner=\luafunction33
\ltj@@jfont@inner=\luafunction34
\ltj@zw@inner=\luafunction35
\ltj@zh@inner=\luafunction36
\ltj@reset@globaldefs@inner=\luafunction37
\ltj@restore@globaldefs@inner=\luafunction38
\ltj@@disihb@inner=\luafunction39
\ltj@@ihb@inner=\luafunction40
\ltj@@fakeparbegin@inner=\luafunction41
\ltj@@fakeboxbdd@inner=\luafunction42
\ltj@@ins@xk@inner=\luafunction43
\ltj@@ins@k@inner=\luafunction44
\ltjsetkanjiskip@inner=\luafunction45
\ltjsetxkanjiskip@inner=\luafunction46
\ltj@@getparam@one@inner=\luafunction47
\ltj@alljachar@inner=\luafunction48
\ltj@@lua@populate@insertwhatsit@inner=\luafunction49
\ltj@@vadjust@begin@inner=\luafunction50
\ltj@@vadjust@dirhook@inner=\luafunction51
\ltj@@vadjust@check@dir@inner=\luafunction52
\ltj@@box@dirhook@inner=\luafunction53
\ltj@@reset@badness@inner=\luafunction54
\ltj@@lua@raisebox@inner=\luafunction55
\ltj@@vsplit@inner=\luafunction56
\ltj@@lua@unboxcheckdir@inner=\luafunction57
\ltj@@lua@uncopycheckdir@inner=\luafunction58
\ltj@@lua@uncopy@restore@whatsit@inner=\luafunction59
(load cache: ltj-kinsoku_default.luc)

Package ctexhook Info: Package `ltj-latex' can not be loaded with `ctexrep'.

LaTeX Info: Package 'ltj-latex.sty' has been disabled.
            Load request ignored on input line 780.
\ltj@temp@cctb=\catcodetable18
)
(c:/texlive/2026/texmf-dist/tex/luatex/luatexja/luatexja-compat.sty
Package: luatexja-compat 2025-09-21 Compatibility with pTeX
(load cache: ltj-jisx0208.luc)
\hour=\count295
\minute=\count296
))
(c:/texlive/2026/texmf-dist/tex/latex/fontspec/fontspec.sty
(c:/texlive/2026/texmf-dist/tex/latex/l3packages/xparse/xparse.sty
Package: xparse 2025-10-09 L3 Experimental document command parser
)
Package: fontspec 2025/09/29 v2.9g Font selection for XeLaTeX and LuaLaTeX
Lua module: fontspec 2025/09/29 v2.9g Font selection for XeLaTeX and LuaLaTeX
(c:/texlive/2026/texmf-dist/tex/latex/fontspec/fontspec-luatex.sty
Package: fontspec-luatex 2025/09/29 v2.9g Font selection for XeLaTeX and LuaLaT
eX
\l__fontspec_script_int=\count297
\l__fontspec_language_int=\count298
\l__fontspec_strnum_int=\count299
\l__fontspec_tmp_int=\count300
\l__fontspec_tmpa_int=\count301
\l__fontspec_tmpb_int=\count302
\l__fontspec_tmpc_int=\count303
\l__fontspec_em_int=\count304
\l__fontspec_emdef_int=\count305
\l__fontspec_strong_int=\count306
\l__fontspec_strongdef_int=\count307
\l__fontspec_tmpa_dim=\dimen153
\l__fontspec_tmpb_dim=\dimen154
\l__fontspec_tmpc_dim=\dimen155

(c:/texlive/2026/texmf-dist/tex/latex/base/fontenc.sty
Package: fontenc 2025/07/18 v2.1d Standard LaTeX package
)
(c:/texlive/2026/texmf-dist/tex/latex/fontspec/fontspec.cfg)(load cache: extra_l
mroman10-bold.luc)))
\g__cctab_next_cctab=\catcodetable19

(c:/texlive/2026/texmf-dist/tex/latex/base/tuenc.def
File: tuenc.def 2025/07/18 v2.1d Standard LaTeX file
\@remove@tlig@@@=\luafunction60
LaTeX Font Info:    Redeclaring font encoding TU on input line 105.
LaTeX Encoding Info:    Redeclaring text command \textquotesingle (encoding TU)
 on input line 148.
LaTeX Encoding Info:    Redeclaring text command \textasciigrave (encoding TU) 
on input line 149.
LaTeX Encoding Info:    Redeclaring text command \textquotedbl (encoding TU) on
 input line 150.
LaTeX Encoding Info:    Redeclaring text symbol \textdollar (encoding TU) on in
put line 151.
LaTeX Encoding Info:    Redeclaring text symbol \textless (encoding TU) on inpu
t line 152.
LaTeX Encoding Info:    Redeclaring text symbol \textgreater (encoding TU) on i
nput line 153.
LaTeX Encoding Info:    Redeclaring text symbol \textbackslash (encoding TU) on
 input line 154.
LaTeX Encoding Info:    Redeclaring text symbol \textasciicircum (encoding TU) 
on input line 155.
LaTeX Encoding Info:    Redeclaring text symbol \textunderscore (encoding TU) o
n input line 156.
LaTeX Encoding Info:    Redeclaring text symbol \textbraceleft (encoding TU) on
 input line 157.
LaTeX Encoding Info:    Redeclaring text symbol \textbar (encoding TU) on input
 line 158.
LaTeX Encoding Info:    Redeclaring text symbol \textbraceright (encoding TU) o
n input line 159.
LaTeX Encoding Info:    Redeclaring text symbol \textasciitilde (encoding TU) o
n input line 160.
LaTeX Encoding Info:    Redeclaring text symbol \textexclamdown (encoding TU) o
n input line 161.
LaTeX Encoding Info:    Redeclaring text symbol \textcent (encoding TU) on inpu
t line 162.
LaTeX Encoding Info:    Redeclaring text symbol \textsterling (encoding TU) on 
input line 163.
LaTeX Encoding Info:    Redeclaring text symbol \textcurrency (encoding TU) on 
input line 164.
LaTeX Encoding Info:    Redeclaring text symbol \textyen (encoding TU) on input
 line 165.
LaTeX Encoding Info:    Redeclaring text symbol \textbrokenbar (encoding TU) on
 input line 166.
LaTeX Encoding Info:    Redeclaring text symbol \textsection (encoding TU) on i
nput line 167.
LaTeX Encoding Info:    Redeclaring text symbol \textasciidieresis (encoding TU
) on input line 168.
LaTeX Encoding Info:    Redeclaring text symbol \textcopyright (encoding TU) on
 input line 169.
LaTeX Encoding Info:    Redeclaring text symbol \textordfeminine (encoding TU) 
on input line 170.
LaTeX Encoding Info:    Redeclaring text symbol \guillemetleft (encoding TU) on
 input line 171.
LaTeX Encoding Info:    Redeclaring text symbol \guillemotleft (encoding TU) on
 input line 172.
LaTeX Encoding Info:    Redeclaring text symbol \textlnot (encoding TU) on inpu
t line 173.
LaTeX Encoding Info:    Redeclaring text symbol \textregistered (encoding TU) o
n input line 174.
LaTeX Encoding Info:    Redeclaring text symbol \textasciimacron (encoding TU) 
on input line 175.
LaTeX Encoding Info:    Redeclaring text symbol \textdegree (encoding TU) on in
put line 176.
LaTeX Encoding Info:    Redeclaring text symbol \textpm (encoding TU) on input 
line 177.
LaTeX Encoding Info:    Redeclaring text symbol \texttwosuperior (encoding TU) 
on input line 178.
LaTeX Encoding Info:    Redeclaring text symbol \textthreesuperior (encoding TU
) on input line 179.
LaTeX Encoding Info:    Redeclaring text symbol \textasciiacute (encoding TU) o
n input line 180.
LaTeX Encoding Info:    Redeclaring text symbol \textmu (encoding TU) on input 
line 181.
LaTeX Encoding Info:    Redeclaring text symbol \textparagraph (encoding TU) on
 input line 182.
LaTeX Encoding Info:    Redeclaring text symbol \textperiodcentered (encoding T
U) on input line 183.
LaTeX Encoding Info:    Redeclaring text symbol \textonesuperior (encoding TU) 
on input line 184.
LaTeX Encoding Info:    Redeclaring text symbol \textordmasculine (encoding TU)
 on input line 185.
LaTeX Encoding Info:    Redeclaring text symbol \guillemetright (encoding TU) o
n input line 186.
LaTeX Encoding Info:    Redeclaring text symbol \guillemotright (encoding TU) o
n input line 187.
LaTeX Encoding Info:    Redeclaring text symbol \textonequarter (encoding TU) o
n input line 188.
LaTeX Encoding Info:    Redeclaring text symbol \textonehalf (encoding TU) on i
nput line 189.
LaTeX Encoding Info:    Redeclaring text symbol \textthreequarters (encoding TU
) on input line 190.
LaTeX Encoding Info:    Redeclaring text symbol \textquestiondown (encoding TU)
 on input line 191.
LaTeX Encoding Info:    Redeclaring text symbol \AE (encoding TU) on input line
 192.
LaTeX Encoding Info:    Redeclaring text symbol \DH (encoding TU) on input line
 193.
LaTeX Encoding Info:    Redeclaring text symbol \texttimes (encoding TU) on inp
ut line 194.
LaTeX Encoding Info:    Redeclaring text symbol \O (encoding TU) on input line 
195.
LaTeX Encoding Info:    Redeclaring text symbol \TH (encoding TU) on input line
 196.
LaTeX Encoding Info:    Redeclaring text symbol \ss (encoding TU) on input line
 197.
LaTeX Encoding Info:    Redeclaring text symbol \ae (encoding TU) on input line
 198.
LaTeX Encoding Info:    Redeclaring text symbol \dh (encoding TU) on input line
 199.
LaTeX Encoding Info:    Redeclaring text symbol \textdiv (encoding TU) on input
 line 200.
LaTeX Encoding Info:    Redeclaring text symbol \o (encoding TU) on input line 
201.
LaTeX Encoding Info:    Redeclaring text symbol \th (encoding TU) on input line
 202.
LaTeX Encoding Info:    Redeclaring text symbol \DJ (encoding TU) on input line
 203.
LaTeX Encoding Info:    Redeclaring text symbol \dj (encoding TU) on input line
 204.
LaTeX Encoding Info:    Redeclaring text symbol \i (encoding TU) on input line 
205.
LaTeX Encoding Info:    Redeclaring text symbol \IJ (encoding TU) on input line
 206.
LaTeX Encoding Info:    Redeclaring text symbol \ij (encoding TU) on input line
 207.
LaTeX Encoding Info:    Redeclaring text symbol \L (encoding TU) on input line 
208.
LaTeX Encoding Info:    Redeclaring text symbol \l (encoding TU) on input line 
209.
LaTeX Encoding Info:    Redeclaring text symbol \NG (encoding TU) on input line
 210.
LaTeX Encoding Info:    Redeclaring text symbol \ng (encoding TU) on input line
 211.
LaTeX Encoding Info:    Redeclaring text symbol \OE (encoding TU) on input line
 212.
LaTeX Encoding Info:    Redeclaring text symbol \oe (encoding TU) on input line
 213.
LaTeX Encoding Info:    Redeclaring text symbol \textflorin (encoding TU) on in
put line 214.
LaTeX Encoding Info:    Redeclaring text symbol \j (encoding TU) on input line 
215.
LaTeX Encoding Info:    Redeclaring text symbol \textasciicaron (encoding TU) o
n input line 216.
LaTeX Encoding Info:    Redeclaring text symbol \textasciibreve (encoding TU) o
n input line 217.
LaTeX Encoding Info:    Redeclaring text symbol \textacutedbl (encoding TU) on 
input line 218.
LaTeX Encoding Info:    Redeclaring text symbol \textgravedbl (encoding TU) on 
input line 219.
LaTeX Encoding Info:    Redeclaring text symbol \texttildelow (encoding TU) on 
input line 220.
LaTeX Encoding Info:    Redeclaring text symbol \textbaht (encoding TU) on inpu
t line 221.
LaTeX Encoding Info:    Redeclaring text symbol \SS (encoding TU) on input line
 222.
LaTeX Encoding Info:    Redeclaring text symbol \textcompwordmark (encoding TU)
 on input line 223.
LaTeX Encoding Info:    Redeclaring text symbol \textendash (encoding TU) on in
put line 224.
LaTeX Encoding Info:    Redeclaring text symbol \textemdash (encoding TU) on in
put line 225.
LaTeX Encoding Info:    Redeclaring text command \textnonbreakinghyphen (encodi
ng TU) on input line 226.
LaTeX Encoding Info:    Redeclaring text command \textfiguredash (encoding TU) 
on input line 228.
LaTeX Encoding Info:    Redeclaring text command \texthorizontalbar (encoding T
U) on input line 230.
LaTeX Encoding Info:    Redeclaring text symbol \textbardbl (encoding TU) on in
put line 232.
LaTeX Encoding Info:    Redeclaring text symbol \textquoteleft (encoding TU) on
 input line 233.
LaTeX Encoding Info:    Redeclaring text symbol \textquoteright (encoding TU) o
n input line 234.
LaTeX Encoding Info:    Redeclaring text symbol \quotesinglbase (encoding TU) o
n input line 235.
LaTeX Encoding Info:    Redeclaring text symbol \textquotedblleft (encoding TU)
 on input line 236.
LaTeX Encoding Info:    Redeclaring text symbol \textquotedblright (encoding TU
) on input line 237.
LaTeX Encoding Info:    Redeclaring text symbol \quotedblbase (encoding TU) on 
input line 238.
LaTeX Encoding Info:    Redeclaring text symbol \textdagger (encoding TU) on in
put line 239.
LaTeX Encoding Info:    Redeclaring text symbol \textdaggerdbl (encoding TU) on
 input line 240.
LaTeX Encoding Info:    Redeclaring text symbol \textbullet (encoding TU) on in
put line 241.
LaTeX Encoding Info:    Redeclaring text symbol \textellipsis (encoding TU) on 
input line 242.
LaTeX Encoding Info:    Redeclaring text symbol \textperthousand (encoding TU) 
on input line 243.
LaTeX Encoding Info:    Redeclaring text symbol \textpertenthousand (encoding T
U) on input line 244.
LaTeX Encoding Info:    Redeclaring text symbol \guilsinglleft (encoding TU) on
 input line 245.
LaTeX Encoding Info:    Redeclaring text symbol \guilsinglright (encoding TU) o
n input line 246.
LaTeX Encoding Info:    Redeclaring text symbol \textreferencemark (encoding TU
) on input line 247.
LaTeX Encoding Info:    Redeclaring text symbol \textinterrobang (encoding TU) 
on input line 248.
LaTeX Encoding Info:    Redeclaring text symbol \textfractionsolidus (encoding 
TU) on input line 249.
LaTeX Encoding Info:    Redeclaring text symbol \textlquill (encoding TU) on in
put line 250.
LaTeX Encoding Info:    Redeclaring text symbol \textrquill (encoding TU) on in
put line 251.
LaTeX Encoding Info:    Redeclaring text symbol \textdiscount (encoding TU) on 
input line 252.
LaTeX Encoding Info:    Redeclaring text symbol \textcolonmonetary (encoding TU
) on input line 253.
LaTeX Encoding Info:    Redeclaring text symbol \textlira (encoding TU) on inpu
t line 254.
LaTeX Encoding Info:    Redeclaring text symbol \textnaira (encoding TU) on inp
ut line 255.
LaTeX Encoding Info:    Redeclaring text symbol \textwon (encoding TU) on input
 line 256.
LaTeX Encoding Info:    Redeclaring text symbol \textdong (encoding TU) on inpu
t line 257.
LaTeX Encoding Info:    Redeclaring text symbol \texteuro (encoding TU) on inpu
t line 258.
LaTeX Encoding Info:    Redeclaring text symbol \textpeso (encoding TU) on inpu
t line 259.
LaTeX Encoding Info:    Redeclaring text symbol \textcelsius (encoding TU) on i
nput line 260.
LaTeX Encoding Info:    Redeclaring text symbol \textnumero (encoding TU) on in
put line 261.
LaTeX Encoding Info:    Redeclaring text symbol \textcircledP (encoding TU) on 
input line 262.
LaTeX Encoding Info:    Redeclaring text symbol \textrecipe (encoding TU) on in
put line 263.
LaTeX Encoding Info:    Redeclaring text symbol \textservicemark (encoding TU) 
on input line 264.
LaTeX Encoding Info:    Redeclaring text symbol \texttrademark (encoding TU) on
 input line 265.
LaTeX Encoding Info:    Redeclaring text symbol \textohm (encoding TU) on input
 line 266.
LaTeX Encoding Info:    Redeclaring text symbol \textmho (encoding TU) on input
 line 267.
LaTeX Encoding Info:    Redeclaring text symbol \textestimated (encoding TU) on
 input line 268.
LaTeX Encoding Info:    Redeclaring text symbol \textleftarrow (encoding TU) on
 input line 269.
LaTeX Encoding Info:    Redeclaring text symbol \textuparrow (encoding TU) on i
nput line 270.
LaTeX Encoding Info:    Redeclaring text symbol \textrightarrow (encoding TU) o
n input line 271.
LaTeX Encoding Info:    Redeclaring text symbol \textdownarrow (encoding TU) on
 input line 272.
LaTeX Encoding Info:    Redeclaring text symbol \textminus (encoding TU) on inp
ut line 273.
LaTeX Encoding Info:    Redeclaring text symbol \Hwithstroke (encoding TU) on i
nput line 275.
LaTeX Encoding Info:    Redeclaring text symbol \hwithstroke (encoding TU) on i
nput line 276.
LaTeX Encoding Info:    Redeclaring text command \textasteriskcentered (encodin
g TU) on input line 277.
LaTeX Encoding Info:    Redeclaring text symbol \textsurd (encoding TU) on inpu
t line 288.
LaTeX Encoding Info:    Redeclaring text symbol \textlangle (encoding TU) on in
put line 289.
LaTeX Encoding Info:    Redeclaring text symbol \textrangle (encoding TU) on in
put line 290.
LaTeX Encoding Info:    Redeclaring text symbol \textblank (encoding TU) on inp
ut line 291.
LaTeX Encoding Info:    Redeclaring text symbol \textvisiblespace (encoding TU)
 on input line 292.
LaTeX Encoding Info:    Redeclaring text symbol \textopenbullet (encoding TU) o
n input line 293.
LaTeX Encoding Info:    Redeclaring text symbol \textbigcircle (encoding TU) on
 input line 294.
LaTeX Encoding Info:    Redeclaring text symbol \textmusicalnote (encoding TU) 
on input line 295.
LaTeX Encoding Info:    Redeclaring text symbol \textmarried (encoding TU) on i
nput line 296.
LaTeX Encoding Info:    Redeclaring text symbol \textdivorced (encoding TU) on 
input line 297.
LaTeX Encoding Info:    Redeclaring text symbol \textinterrobangdown (encoding 
TU) on input line 298.
LaTeX Encoding Info:    Redeclaring text command \` (encoding TU) on input line
 299.
LaTeX Encoding Info:    Redeclaring text command \' (encoding TU) on input line
 300.
LaTeX Encoding Info:    Redeclaring text command \^ (encoding TU) on input line
 301.
LaTeX Encoding Info:    Redeclaring text command \~ (encoding TU) on input line
 302.
LaTeX Encoding Info:    Redeclaring text command \= (encoding TU) on input line
 303.
LaTeX Encoding Info:    Redeclaring text command \u (encoding TU) on input line
 304.
LaTeX Encoding Info:    Redeclaring text command \. (encoding TU) on input line
 305.
LaTeX Encoding Info:    Redeclaring text command \" (encoding TU) on input line
 306.
LaTeX Encoding Info:    Redeclaring text command \r (encoding TU) on input line
 307.
LaTeX Encoding Info:    Redeclaring text command \H (encoding TU) on input line
 308.
LaTeX Encoding Info:    Redeclaring text command \v (encoding TU) on input line
 309.
LaTeX Encoding Info:    Redeclaring text command \b (encoding TU) on input line
 310.
LaTeX Encoding Info:    Redeclaring text command \d (encoding TU) on input line
 311.
LaTeX Encoding Info:    Redeclaring text command \c (encoding TU) on input line
 312.
LaTeX Encoding Info:    Redeclaring text command \k (encoding TU) on input line
 313.
LaTeX Encoding Info:    Redeclaring text command \textcommabelow (encoding TU) 
on input line 314.
)
Lua function ctex_ltj_add_kyenc:n = 61
Lua function ctex_ltj_is_kenc:n = 62
Lua function ctex_ltj_patch_external_font:n = 63
Lua function ctex_ltj_set_alt_font:nnnn = 64
Lua function ctex_ltj_clear_alt_font:n = 65
Lua function ctex_ltj_pickup_alt_font:nn = 66
Lua function __ctex_ltj_pickup_alt_font:Nn = 67
Lua function __ctex_ltj_if_alt_set:nT = 68
Lua function ctex_ltj_zero_globaldefs: = 69
\symCJKmath=\mathgroup4
LaTeX Font Info:    Overwriting symbol font `CJKmath' in version `bold'
(Font)                  LTJY3/song/m/n --> LTJY3/song/b/n on input line 471.
\g__ctex_ltj_family_int=\count308
\ccwd=\dimen156
\l__ctex_ccglue_skip=\skip51
(load cache: ltj-cid-auto-adobe-gb1.luc)
(c:/texlive/2026/texmf-dist/tex/luatex/chinese-jfm/jfm-zh_CN.lua)
\l__ctex_xkanjiskip_skip=\skip52
\cht=\dimen157
\cdp=\dimen158
\cwd=\dimen159
Lua function ctex_update_kanjisize: = 70)
\l__ctex_ziju_dim=\dimen160

(c:/texlive/2026/texmf-dist/tex/latex/zhnumber/zhnumber.sty
Package: zhnumber 2022/07/14 v3.0 Typesetting numbers with Chinese glyphs
\l__zhnum_scale_int=\count309
\l__zhnum_tmp_int=\count310

(c:/texlive/2026/texmf-dist/tex/latex/zhnumber/zhnumber-utf8.cfg
File: zhnumber-utf8.cfg 2022/07/14 v3.0 Chinese numerals with UTF8 encoding
))
\l__ctex_heading_skip=\skip53

(c:/texlive/2026/texmf-dist/tex/latex/ctex/scheme/ctex-scheme-chinese-report.de
f
File: ctex-scheme-chinese-report.def 2022/07/14 v2.5.10 Chinese scheme for repo
rt (CTEX)
 (c:/texlive/2026/texmf-dist/tex/latex/ctex/config/ctex-name-utf8.cfg
File: ctex-name-utf8.cfg 2022/07/14 v2.5.10 Caption with encoding UTF-8 (CTEX)
))(load cache: extra_lmroman9-regular.luc)
(c:/texlive/2026/texmf-dist/tex/latex/ctex/fontset/ctex-fontset-ubuntu.def
File: ctex-fontset-ubuntu.def 2022/07/14 v2.5.10 Ubuntu fonts definition (CTEX)

luaotfload | cache : Lookup cache loaded from C:/texlive/2026/texmf-var/luatex-c
ache/generic/names/luaotfload-lookup-cache.luc.(load cache: extra_notoserifcjksc
-regular.luc)(load cache: extra_gbzenkai-medium.luc)

Package fontspec Info: 
(fontspec)             Could not resolve font "AR PL KaitiM GB/B" (it probably
(fontspec)             doesn't exist).


Package fontspec Info: 
(fontspec)             Could not resolve font "Noto Serif CJK SC/BI" (it
(fontspec)             probably doesn't exist).

(load cache: extra_notoserifcjksc-bold.luc)

Package fontspec Info: 
(fontspec)             Font family 'NotoSerifCJKSC(0)' created for font 'Noto
(fontspec)             Serif CJK SC' with options
(fontspec)             [NFSSEncoding=LTJY3,JFM=zh_CN/quanjiao,ItalicFont={AR
(fontspec)             PL KaitiM GB},LTJFONTUID=1].
(fontspec)              
(fontspec)              This font family consists of the following NFSS
(fontspec)             series/shapes:
(fontspec)              
(fontspec)             - 'normal' (m/n) with NFSS spec.: <->"name:Noto Serif
(fontspec)             CJK
(fontspec)             SC:mode=node;script=latn;language=dflt;jfm=zh_CN/quanjia
o;"
(fontspec)             - 'bold' (b/n) with NFSS spec.: <->"name:Noto Serif CJK
(fontspec)             SC/B:mode=node;script=latn;language=dflt;jfm=zh_CN/quanj
iao;"
(fontspec)             - 'italic' (m/it) with NFSS spec.: <->"name:AR PL
(fontspec)             KaitiM
(fontspec)             GB:mode=node;script=latn;language=dflt;jfm=zh_CN/quanjia
o;"

))
(c:/texlive/2026/texmf-dist/tex/latex/ctex/config/ctex.cfg
File: ctex.cfg 2022/07/14 v2.5.10 Configuration file (CTEX)
)
(c:/texlive/2026/texmf-dist/tex/latex/libertine/libertine.sty
Package: libertine 2024/04/23 (Bob Tennent) Supports Libertine and Biolinum fon
ts for all LaTeX engines.

(c:/texlive/2026/texmf-dist/tex/generic/iftex/ifxetex.sty
Package: ifxetex 2019/10/25 v0.7 ifxetex legacy package. Use iftex instead.
)
(c:/texlive/2026/texmf-dist/tex/generic/iftex/ifluatex.sty
Package: ifluatex 2019/10/25 v1.5 ifluatex legacy package. Use iftex instead.
)
(c:/texlive/2026/texmf-dist/tex/latex/base/textcomp.sty
Package: textcomp 2024/04/24 v2.1b Standard LaTeX package
)(load cache: extra_linlibertineo.luc)

Package fontspec Info: 
(fontspec)             LinLibertine_R scale = 1.


Package fontspec Info: 
(fontspec)             LinLibertine_R scale = 1.


Package fontspec Info: 
(fontspec)             LinLibertine_R scale = 1.

(load cache: extra_linlibertineob.luc)

Package fontspec Info: 
(fontspec)             LinLibertine_RB scale = 1.


Package fontspec Info: 
(fontspec)             LinLibertine_RB scale = 1.

(load cache: extra_linlibertineoi.luc)

Package fontspec Info: 
(fontspec)             LinLibertine_RI scale = 1.


Package fontspec Info: 
(fontspec)             LinLibertine_RI scale = 1.

(load cache: extra_linlibertineobi.luc)

Package fontspec Info: 
(fontspec)             LinLibertine_RBI scale = 1.


Package fontspec Info: 
(fontspec)             LinLibertine_RBI scale = 1.


Package fontspec Info: 
(fontspec)             Font family 'LinLibertine(0)' created for font
(fontspec)             'LinLibertine' with options [Ligatures = TeX,Extension
(fontspec)             =
(fontspec)             .otf,SmallCapsFeatures={Letters=SmallCaps},Ligatures=TeX
,Numbers
(fontspec)             = {Monospaced,OldStyle},Scale = 1,UprightFont =
(fontspec)             *_R,ItalicFont = *_RI,BoldFont = *_RB,BoldItalicFont =
(fontspec)             *_RBI].
(fontspec)              
(fontspec)              This font family consists of the following NFSS
(fontspec)             series/shapes:
(fontspec)              
(fontspec)             - 'normal' (m/n) with NFSS spec.:
(fontspec)             <->s*[1]"[LinLibertine_R.otf]:mode=node;script=latn;lang
uage=dflt;+tlig;+tnum;+onum;"
(fontspec)             - 'small caps'  (m/sc) with NFSS spec.:
(fontspec)             <->s*[1]"[LinLibertine_R.otf]:mode=node;script=latn;lang
uage=dflt;+tlig;+tnum;+onum;+smcp;"
(fontspec)             - 'bold' (b/n) with NFSS spec.:
(fontspec)             <->s*[1]"[LinLibertine_RB.otf]:mode=node;script=latn;lan
guage=dflt;+tlig;+tnum;+onum;"
(fontspec)             - 'bold small caps'  (b/sc) with NFSS spec.:
(fontspec)             <->s*[1]"[LinLibertine_RB.otf]:mode=node;script=latn;lan
guage=dflt;+tlig;+tnum;+onum;+smcp;"
(fontspec)             - 'italic' (m/it) with NFSS spec.:
(fontspec)             <->s*[1]"[LinLibertine_RI.otf]:mode=node;script=latn;lan
guage=dflt;+tlig;+tnum;+onum;"
(fontspec)             - 'italic small caps'  (m/scit) with NFSS spec.:
(fontspec)             <->s*[1]"[LinLibertine_RI.otf]:mode=node;script=latn;lan
guage=dflt;+tlig;+tnum;+onum;+smcp;"
(fontspec)             - 'bold italic' (b/it) with NFSS spec.:
(fontspec)             <->s*[1]"[LinLibertine_RBI.otf]:mode=node;script=latn;la
nguage=dflt;+tlig;+tnum;+onum;"
(fontspec)             - 'bold italic small caps'  (b/scit) with NFSS spec.:
(fontspec)             <->s*[1]"[LinLibertine_RBI.otf]:mode=node;script=latn;la
nguage=dflt;+tlig;+tnum;+onum;+smcp;"

LaTeX Font Info:    Font shape `TU/LinLibertine(0)/m/n' will be
(Font)              scaled to size 10.95pt on input line 307.
(load cache: extra_linbiolinumo.luc)

Package fontspec Info: 
(fontspec)             LinBiolinum_R scale = 1.


Package fontspec Info: 
(fontspec)             LinBiolinum_R scale = 1.


Package fontspec Info: 
(fontspec)             LinBiolinum_R scale = 1.

(load cache: extra_linbiolinumob.luc)

Package fontspec Info: 
(fontspec)             LinBiolinum_RB scale = 1.


Package fontspec Info: 
(fontspec)             LinBiolinum_RB scale = 1.

(load cache: extra_linbiolinumoi.luc)

Package fontspec Info: 
(fontspec)             LinBiolinum_RI scale = 1.


Package fontspec Info: 
(fontspec)             LinBiolinum_RI scale = 1.

(load cache: extra_linbiolinumobo.luc)

Package fontspec Info: 
(fontspec)             LinBiolinum_RBO scale = 1.


Package fontspec Info: 
(fontspec)             LinBiolinum_RBO scale = 1.


Package fontspec Info: 
(fontspec)             Font family 'LinBiolinum(0)' created for font
(fontspec)             'LinBiolinum' with options [Ligatures = TeX,Extension =
(fontspec)             .otf,SmallCapsFeatures={Letters=SmallCaps},Ligatures=TeX
,Numbers
(fontspec)             = {Monospaced, OldStyle},Scale = 1,UprightFont =
(fontspec)             *_R,ItalicFont = *_RI,BoldFont = *_RB,BoldItalicFont =
(fontspec)             *_RBO].
(fontspec)              
(fontspec)              This font family consists of the following NFSS
(fontspec)             series/shapes:
(fontspec)              
(fontspec)             - 'normal' (m/n) with NFSS spec.:
(fontspec)             <->s*[1]"[LinBiolinum_R.otf]:mode=node;script=latn;langu
age=dflt;+tlig;+tnum;+onum;"
(fontspec)             - 'small caps'  (m/sc) with NFSS spec.:
(fontspec)             <->s*[1]"[LinBiolinum_R.otf]:mode=node;script=latn;langu
age=dflt;+tlig;+tnum;+onum;+smcp;"
(fontspec)             - 'bold' (b/n) with NFSS spec.:
(fontspec)             <->s*[1]"[LinBiolinum_RB.otf]:mode=node;script=latn;lang
uage=dflt;+tlig;+tnum;+onum;"
(fontspec)             - 'bold small caps'  (b/sc) with NFSS spec.:
(fontspec)             <->s*[1]"[LinBiolinum_RB.otf]:mode=node;script=latn;lang
uage=dflt;+tlig;+tnum;+onum;+smcp;"
(fontspec)             - 'italic' (m/it) with NFSS spec.:
(fontspec)             <->s*[1]"[LinBiolinum_RI.otf]:mode=node;script=latn;lang
uage=dflt;+tlig;+tnum;+onum;"
(fontspec)             - 'italic small caps'  (m/scit) with NFSS spec.:
(fontspec)             <->s*[1]"[LinBiolinum_RI.otf]:mode=node;script=latn;lang
uage=dflt;+tlig;+tnum;+onum;+smcp;"
(fontspec)             - 'bold italic' (b/it) with NFSS spec.:
(fontspec)             <->s*[1]"[LinBiolinum_RBO.otf]:mode=node;script=latn;lan
guage=dflt;+tlig;+tnum;+onum;"
(fontspec)             - 'bold italic small caps'  (b/scit) with NFSS spec.:
(fontspec)             <->s*[1]"[LinBiolinum_RBO.otf]:mode=node;script=latn;lan
guage=dflt;+tlig;+tnum;+onum;+smcp;"


Package fontspec Info: 
(fontspec)             LinLibertine_R scale = 1.


Package fontspec Info: 
(fontspec)             LinLibertine_R scale = 1.


Package fontspec Info: 
(fontspec)             LinLibertine_R scale = 1.


Package fontspec Info: 
(fontspec)             LinLibertine_RB scale = 1.


Package fontspec Info: 
(fontspec)             LinLibertine_RB scale = 1.


Package fontspec Info: 
(fontspec)             LinLibertine_RI scale = 1.


Package fontspec Info: 
(fontspec)             LinLibertine_RI scale = 1.


Package fontspec Info: 
(fontspec)             LinLibertine_RBI scale = 1.


Package fontspec Info: 
(fontspec)             LinLibertine_RBI scale = 1.


Package fontspec Info: 
(fontspec)             Font family 'LinLibertine(1)' created for font
(fontspec)             'LinLibertine' with options [Ligatures = TeX,Extension
(fontspec)             = .otf,SmallCapsFeatures={Letters=SmallCaps},Numbers =
(fontspec)             {Monospaced,OldStyle},Scale = 1,UprightFont =
(fontspec)             *_R,ItalicFont = *_RI,BoldFont = *_RB,BoldItalicFont =
(fontspec)             *_RBI].
(fontspec)              
(fontspec)              This font family consists of the following NFSS
(fontspec)             series/shapes:
(fontspec)              
(fontspec)             - 'normal' (m/n) with NFSS spec.:
(fontspec)             <->s*[1]"[LinLibertine_R.otf]:mode=node;script=latn;lang
uage=dflt;+tlig;+tnum;+onum;"
(fontspec)             - 'small caps'  (m/sc) with NFSS spec.:
(fontspec)             <->s*[1]"[LinLibertine_R.otf]:mode=node;script=latn;lang
uage=dflt;+tlig;+tnum;+onum;+smcp;"
(fontspec)             - 'bold' (b/n) with NFSS spec.:
(fontspec)             <->s*[1]"[LinLibertine_RB.otf]:mode=node;script=latn;lan
guage=dflt;+tlig;+tnum;+onum;"
(fontspec)             - 'bold small caps'  (b/sc) with NFSS spec.:
(fontspec)             <->s*[1]"[LinLibertine_RB.otf]:mode=node;script=latn;lan
guage=dflt;+tlig;+tnum;+onum;+smcp;"
(fontspec)             - 'italic' (m/it) with NFSS spec.:
(fontspec)             <->s*[1]"[LinLibertine_RI.otf]:mode=node;script=latn;lan
guage=dflt;+tlig;+tnum;+onum;"
(fontspec)             - 'italic small caps'  (m/scit) with NFSS spec.:
(fontspec)             <->s*[1]"[LinLibertine_RI.otf]:mode=node;script=latn;lan
guage=dflt;+tlig;+tnum;+onum;+smcp;"
(fontspec)             - 'bold italic' (b/it) with NFSS spec.:
(fontspec)             <->s*[1]"[LinLibertine_RBI.otf]:mode=node;script=latn;la
nguage=dflt;+tlig;+tnum;+onum;"
(fontspec)             - 'bold italic small caps'  (b/scit) with NFSS spec.:
(fontspec)             <->s*[1]"[LinLibertine_RBI.otf]:mode=node;script=latn;la
nguage=dflt;+tlig;+tnum;+onum;+smcp;"

(load cache: extra_linlibertineoz.luc)

Package fontspec Info: 
(fontspec)             LinLibertine_RZ scale = 1.


Package fontspec Info: 
(fontspec)             LinLibertine_RZ scale = 1.


Package fontspec Info: 
(fontspec)             LinLibertine_RZ scale = 1.


Package fontspec Info: 
(fontspec)             LinLibertine_RB scale = 1.


Package fontspec Info: 
(fontspec)             LinLibertine_RB scale = 1.

(load cache: extra_linlibertineozi.luc)

Package fontspec Info: 
(fontspec)             LinLibertine_RZI scale = 1.


Package fontspec Info: 
(fontspec)             LinLibertine_RZI scale = 1.


Package fontspec Info: 
(fontspec)             LinLibertine_RBI scale = 1.


Package fontspec Info: 
(fontspec)             LinLibertine_RBI scale = 1.


Package fontspec Info: 
(fontspec)             Font family 'LinLibertine(2)' created for font
(fontspec)             'LinLibertine' with options [Ligatures = TeX,Extension
(fontspec)             = .otf,SmallCapsFeatures={Letters=SmallCaps},Numbers =
(fontspec)             { Monospaced, OldStyle},Scale = 1,UprightFont =
(fontspec)             *_RZ,ItalicFont = *_RZI,BoldFont = *_RB,BoldItalicFont
(fontspec)             = *_RBI].
(fontspec)              
(fontspec)              This font family consists of the following NFSS
(fontspec)             series/shapes:
(fontspec)              
(fontspec)             - 'normal' (m/n) with NFSS spec.:
(fontspec)             <->s*[1]"[LinLibertine_RZ.otf]:mode=node;script=latn;lan
guage=dflt;+tlig;+tnum;+onum;"
(fontspec)             - 'small caps'  (m/sc) with NFSS spec.:
(fontspec)             <->s*[1]"[LinLibertine_RZ.otf]:mode=node;script=latn;lan
guage=dflt;+tlig;+tnum;+onum;+smcp;"
(fontspec)             - 'bold' (b/n) with NFSS spec.:
(fontspec)             <->s*[1]"[LinLibertine_RB.otf]:mode=node;script=latn;lan
guage=dflt;+tlig;+tnum;+onum;"
(fontspec)             - 'bold small caps'  (b/sc) with NFSS spec.:
(fontspec)             <->s*[1]"[LinLibertine_RB.otf]:mode=node;script=latn;lan
guage=dflt;+tlig;+tnum;+onum;+smcp;"
(fontspec)             - 'italic' (m/it) with NFSS spec.:
(fontspec)             <->s*[1]"[LinLibertine_RZI.otf]:mode=node;script=latn;la
nguage=dflt;+tlig;+tnum;+onum;"
(fontspec)             - 'italic small caps'  (m/scit) with NFSS spec.:
(fontspec)             <->s*[1]"[LinLibertine_RZI.otf]:mode=node;script=latn;la
nguage=dflt;+tlig;+tnum;+onum;+smcp;"
(fontspec)             - 'bold italic' (b/it) with NFSS spec.:
(fontspec)             <->s*[1]"[LinLibertine_RBI.otf]:mode=node;script=latn;la
nguage=dflt;+tlig;+tnum;+onum;"
(fontspec)             - 'bold italic small caps'  (b/scit) with NFSS spec.:
(fontspec)             <->s*[1]"[LinLibertine_RBI.otf]:mode=node;script=latn;la
nguage=dflt;+tlig;+tnum;+onum;+smcp;"


Package fontspec Info: 
(fontspec)             LinLibertine_R scale = 1.


Package fontspec Info: 
(fontspec)             LinLibertine_R scale = 1.


Package fontspec Info: 
(fontspec)             LinLibertine_R scale = 1.


Package fontspec Info: 
(fontspec)             LinLibertine_R scale = 1.


Package fontspec Info: 
(fontspec)             LinLibertine_RB scale = 1.


Package fontspec Info: 
(fontspec)             LinLibertine_RB scale = 1.


Package fontspec Info: 
(fontspec)             LinLibertine_RI scale = 1.


Package fontspec Info: 
(fontspec)             LinLibertine_RI scale = 1.


Package fontspec Info: 
(fontspec)             LinLibertine_RBI scale = 1.


Package fontspec Info: 
(fontspec)             LinLibertine_RBI scale = 1.


Package fontspec Info: 
(fontspec)             Font family 'LinLibertine(3)' created for font
(fontspec)             'LinLibertine' with options [Ligatures = TeX,Extension
(fontspec)             = .otf,SmallCapsFeatures={Letters=SmallCaps},Numbers =
(fontspec)             {Monospaced,Lining},Scale = 1,UprightFont =
(fontspec)             *_R,ItalicFont = *_RI,BoldFont = *_RB,BoldItalicFont =
(fontspec)             *_RBI].
(fontspec)              
(fontspec)              This font family consists of the following NFSS
(fontspec)             series/shapes:
(fontspec)              
(fontspec)             - 'normal' (m/n) with NFSS spec.:
(fontspec)             <->s*[1]"[LinLibertine_R.otf]:mode=node;script=latn;lang
uage=dflt;+tlig;+tnum;+lnum;"
(fontspec)             - 'small caps'  (m/sc) with NFSS spec.:
(fontspec)             <->s*[1]"[LinLibertine_R.otf]:mode=node;script=latn;lang
uage=dflt;+tlig;+tnum;+lnum;+smcp;"
(fontspec)             - 'bold' (b/n) with NFSS spec.:
(fontspec)             <->s*[1]"[LinLibertine_RB.otf]:mode=node;script=latn;lan
guage=dflt;+tlig;+tnum;+lnum;"
(fontspec)             - 'bold small caps'  (b/sc) with NFSS spec.:
(fontspec)             <->s*[1]"[LinLibertine_RB.otf]:mode=node;script=latn;lan
guage=dflt;+tlig;+tnum;+lnum;+smcp;"
(fontspec)             - 'italic' (m/it) with NFSS spec.:
(fontspec)             <->s*[1]"[LinLibertine_RI.otf]:mode=node;script=latn;lan
guage=dflt;+tlig;+tnum;+lnum;"
(fontspec)             - 'italic small caps'  (m/scit) with NFSS spec.:
(fontspec)             <->s*[1]"[LinLibertine_RI.otf]:mode=node;script=latn;lan
guage=dflt;+tlig;+tnum;+lnum;+smcp;"
(fontspec)             - 'bold italic' (b/it) with NFSS spec.:
(fontspec)             <->s*[1]"[LinLibertine_RBI.otf]:mode=node;script=latn;la
nguage=dflt;+tlig;+tnum;+lnum;"
(fontspec)             - 'bold italic small caps'  (b/scit) with NFSS spec.:
(fontspec)             <->s*[1]"[LinLibertine_RBI.otf]:mode=node;script=latn;la
nguage=dflt;+tlig;+tnum;+lnum;+smcp;"

(load cache: extra_linlibertinedisplayo.luc)

Package fontspec Info: 
(fontspec)             Font family 'LinLibertine(4)' created for font
(fontspec)             'LinLibertine' with options [Ligatures = TeX,Extension
(fontspec)             = .otf,SmallCapsFeatures={Letters=SmallCaps},Numbers =
(fontspec)             {Monospaced,OldStyle},UprightFont = *_DR,ItalicFont =
(fontspec)             *_RI,BoldFont = *_RB,BoldItalicFont = *_RBI].
(fontspec)              
(fontspec)              This font family consists of the following NFSS
(fontspec)             series/shapes:
(fontspec)              
(fontspec)             - 'normal' (m/n) with NFSS spec.:
(fontspec)             <->"[LinLibertine_DR.otf]:mode=node;script=latn;language
=dflt;+tlig;+tnum;+onum;"
(fontspec)             - 'bold' (b/n) with NFSS spec.:
(fontspec)             <->"[LinLibertine_RB.otf]:mode=node;script=latn;language
=dflt;+tlig;+tnum;+onum;"
(fontspec)             - 'bold small caps'  (b/sc) with NFSS spec.:
(fontspec)             <->"[LinLibertine_RB.otf]:mode=node;script=latn;language
=dflt;+tlig;+tnum;+onum;+smcp;"
(fontspec)             - 'italic' (m/it) with NFSS spec.:
(fontspec)             <->"[LinLibertine_RI.otf]:mode=node;script=latn;language
=dflt;+tlig;+tnum;+onum;"
(fontspec)             - 'italic small caps'  (m/scit) with NFSS spec.:
(fontspec)             <->"[LinLibertine_RI.otf]:mode=node;script=latn;language
=dflt;+tlig;+tnum;+onum;+smcp;"
(fontspec)             - 'bold italic' (b/it) with NFSS spec.:
(fontspec)             <->"[LinLibertine_RBI.otf]:mode=node;script=latn;languag
e=dflt;+tlig;+tnum;+onum;"
(fontspec)             - 'bold italic small caps'  (b/scit) with NFSS spec.:
(fontspec)             <->"[LinLibertine_RBI.otf]:mode=node;script=latn;languag
e=dflt;+tlig;+tnum;+onum;+smcp;"


Package fontspec Info: 
(fontspec)             LinBiolinum_R scale = 1.


Package fontspec Info: 
(fontspec)             LinBiolinum_R scale = 1.


Package fontspec Info: 
(fontspec)             LinBiolinum_R scale = 1.


Package fontspec Info: 
(fontspec)             LinBiolinum_RB scale = 1.


Package fontspec Info: 
(fontspec)             LinBiolinum_RB scale = 1.


Package fontspec Info: 
(fontspec)             LinBiolinum_RI scale = 1.


Package fontspec Info: 
(fontspec)             LinBiolinum_RI scale = 1.


Package fontspec Info: 
(fontspec)             LinBiolinum_RBO scale = 1.


Package fontspec Info: 
(fontspec)             LinBiolinum_RBO scale = 1.


Package fontspec Info: 
(fontspec)             Font family 'LinBiolinum(1)' created for font
(fontspec)             'LinBiolinum' with options [Ligatures = TeX,Extension =
(fontspec)             .otf,SmallCapsFeatures={Letters=SmallCaps},Numbers =
(fontspec)             {Monospaced, OldStyle},Scale = 1,UprightFont =
(fontspec)             *_R,ItalicFont = *_RI,BoldFont = *_RB,BoldItalicFont =
(fontspec)             *_RBO].
(fontspec)              
(fontspec)              This font family consists of the following NFSS
(fontspec)             series/shapes:
(fontspec)              
(fontspec)             - 'normal' (m/n) with NFSS spec.:
(fontspec)             <->s*[1]"[LinBiolinum_R.otf]:mode=node;script=latn;langu
age=dflt;+tlig;+tnum;+onum;"
(fontspec)             - 'small caps'  (m/sc) with NFSS spec.:
(fontspec)             <->s*[1]"[LinBiolinum_R.otf]:mode=node;script=latn;langu
age=dflt;+tlig;+tnum;+onum;+smcp;"
(fontspec)             - 'bold' (b/n) with NFSS spec.:
(fontspec)             <->s*[1]"[LinBiolinum_RB.otf]:mode=node;script=latn;lang
uage=dflt;+tlig;+tnum;+onum;"
(fontspec)             - 'bold small caps'  (b/sc) with NFSS spec.:
(fontspec)             <->s*[1]"[LinBiolinum_RB.otf]:mode=node;script=latn;lang
uage=dflt;+tlig;+tnum;+onum;+smcp;"
(fontspec)             - 'italic' (m/it) with NFSS spec.:
(fontspec)             <->s*[1]"[LinBiolinum_RI.otf]:mode=node;script=latn;lang
uage=dflt;+tlig;+tnum;+onum;"
(fontspec)             - 'italic small caps'  (m/scit) with NFSS spec.:
(fontspec)             <->s*[1]"[LinBiolinum_RI.otf]:mode=node;script=latn;lang
uage=dflt;+tlig;+tnum;+onum;+smcp;"
(fontspec)             - 'bold italic' (b/it) with NFSS spec.:
(fontspec)             <->s*[1]"[LinBiolinum_RBO.otf]:mode=node;script=latn;lan
guage=dflt;+tlig;+tnum;+onum;"
(fontspec)             - 'bold italic small caps'  (b/scit) with NFSS spec.:
(fontspec)             <->s*[1]"[LinBiolinum_RBO.otf]:mode=node;script=latn;lan
guage=dflt;+tlig;+tnum;+onum;+smcp;"


Package fontspec Info: 
(fontspec)             LinBiolinum_R scale = 1.


Package fontspec Info: 
(fontspec)             LinBiolinum_R scale = 1.


Package fontspec Info: 
(fontspec)             LinBiolinum_R scale = 1.


Package fontspec Info: 
(fontspec)             LinBiolinum_R scale = 1.


Package fontspec Info: 
(fontspec)             LinBiolinum_RB scale = 1.


Package fontspec Info: 
(fontspec)             LinBiolinum_RB scale = 1.


Package fontspec Info: 
(fontspec)             LinBiolinum_RI scale = 1.


Package fontspec Info: 
(fontspec)             LinBiolinum_RI scale = 1.


Package fontspec Info: 
(fontspec)             LinBiolinum_RBO scale = 1.


Package fontspec Info: 
(fontspec)             LinBiolinum_RBO scale = 1.


Package fontspec Info: 
(fontspec)             Font family 'LinBiolinum(2)' created for font
(fontspec)             'LinBiolinum' with options [Ligatures = TeX,Extension =
(fontspec)             .otf,SmallCapsFeatures={Letters=SmallCaps},Numbers =
(fontspec)             {Monospaced, Lining},Scale = 1,UprightFont =
(fontspec)             *_R,ItalicFont = *_RI,BoldFont = *_RB,BoldItalicFont =
(fontspec)             *_RBO].
(fontspec)              
(fontspec)              This font family consists of the following NFSS
(fontspec)             series/shapes:
(fontspec)              
(fontspec)             - 'normal' (m/n) with NFSS spec.:
(fontspec)             <->s*[1]"[LinBiolinum_R.otf]:mode=node;script=latn;langu
age=dflt;+tlig;+tnum;+lnum;"
(fontspec)             - 'small caps'  (m/sc) with NFSS spec.:
(fontspec)             <->s*[1]"[LinBiolinum_R.otf]:mode=node;script=latn;langu
age=dflt;+tlig;+tnum;+lnum;+smcp;"
(fontspec)             - 'bold' (b/n) with NFSS spec.:
(fontspec)             <->s*[1]"[LinBiolinum_RB.otf]:mode=node;script=latn;lang
uage=dflt;+tlig;+tnum;+lnum;"
(fontspec)             - 'bold small caps'  (b/sc) with NFSS spec.:
(fontspec)             <->s*[1]"[LinBiolinum_RB.otf]:mode=node;script=latn;lang
uage=dflt;+tlig;+tnum;+lnum;+smcp;"
(fontspec)             - 'italic' (m/it) with NFSS spec.:
(fontspec)             <->s*[1]"[LinBiolinum_RI.otf]:mode=node;script=latn;lang
uage=dflt;+tlig;+tnum;+lnum;"
(fontspec)             - 'italic small caps'  (m/scit) with NFSS spec.:
(fontspec)             <->s*[1]"[LinBiolinum_RI.otf]:mode=node;script=latn;lang
uage=dflt;+tlig;+tnum;+lnum;+smcp;"
(fontspec)             - 'bold italic' (b/it) with NFSS spec.:
(fontspec)             <->s*[1]"[LinBiolinum_RBO.otf]:mode=node;script=latn;lan
guage=dflt;+tlig;+tnum;+lnum;"
(fontspec)             - 'bold italic small caps'  (b/scit) with NFSS spec.:
(fontspec)             <->s*[1]"[LinBiolinum_RBO.otf]:mode=node;script=latn;lan
guage=dflt;+tlig;+tnum;+lnum;+smcp;"

(load cache: extra_linlibertinemo.luc)

Package fontspec Info: 
(fontspec)             LinLibertine_M scale = 1.


Package fontspec Info: 
(fontspec)             LinLibertine_M scale = 1.

(load cache: extra_linlibertinemob.luc)

Package fontspec Info: 
(fontspec)             LinLibertine_MB scale = 1.

(load cache: extra_linlibertinemoo.luc)

Package fontspec Info: 
(fontspec)             LinLibertine_MO scale = 1.


Package fontspec Info: 
(fontspec)             LinLibertine_MBO scale = 1.


Package fontspec Info: 
(fontspec)             Font family 'LinLibertine(5)' created for font
(fontspec)             'LinLibertine' with options [Extension =
(fontspec)             .otf,HyphenChar=None,Scale = 1,UprightFont =
(fontspec)             *_M,ItalicFont = *_MO,BoldFont = *_MB,BoldItalicFont =
(fontspec)             *_MBO].
(fontspec)              
(fontspec)              This font family consists of the following NFSS
(fontspec)             series/shapes:
(fontspec)              
(fontspec)             - 'normal' (m/n) with NFSS spec.:
(fontspec)             <->s*[1]"[LinLibertine_M.otf]:mode=node;script=latn;lang
uage=dflt;"
(fontspec)             - 'bold' (b/n) with NFSS spec.:
(fontspec)             <->s*[1]"[LinLibertine_MB.otf]:mode=node;script=latn;lan
guage=dflt;"
(fontspec)             - 'italic' (m/it) with NFSS spec.:
(fontspec)             <->s*[1]"[LinLibertine_MO.otf]:mode=node;script=latn;lan
guage=dflt;"
(fontspec)             - 'bold italic' (b/it) with NFSS spec.:
(fontspec)             <->s*[1]"[LinLibertine_MBO.otf]:mode=node;script=latn;la
nguage=dflt;"

(load cache: extra_linbiolinumokb.luc)

Package fontspec Info: 
(fontspec)             Font family 'LinBiolinum_K(0)' created for font
(fontspec)             'LinBiolinum_K' with options [Extension =
(fontspec)             .otf,HyphenChar=None,BoldFont={},ItalicFont={},SmallCaps
Font={}].
(fontspec)              
(fontspec)              This font family consists of the following NFSS
(fontspec)             series/shapes:
(fontspec)              
(fontspec)             - 'normal' (m/n) with NFSS spec.:
(fontspec)             <->"[LinBiolinum_K.otf]:mode=node;script=latn;language=d
flt;"

(load cache: extra_linlibertineio.luc)

Package fontspec Info: 
(fontspec)             Font family 'LinLibertine_I(0)' created for font
(fontspec)             'LinLibertine_I' with options [Extension =
(fontspec)             .otf,HyphenChar=None,BoldFont={},ItalicFont={},SmallCaps
Font={}].
(fontspec)              
(fontspec)              This font family consists of the following NFSS
(fontspec)             series/shapes:
(fontspec)              
(fontspec)             - 'normal' (m/n) with NFSS spec.:
(fontspec)             <->"[LinLibertine_I.otf]:mode=node;script=latn;language=
dflt;"

LaTeX Info: Redefining \oldstylenums on input line 475.
LaTeX Info: Redefining \liningnums on input line 476.

(c:/texlive/2026/texmf-dist/tex/latex/libertine/LinLibertine_R.tex)
(c:/texlive/2026/texmf-dist/tex/latex/libertine/LinBiolinum_R.tex)
(c:/texlive/2026/texmf-dist/tex/latex/libertine/LinBiolinum_K.tex)
(c:/texlive/2026/texmf-dist/tex/latex/libertine/LinLibertine_I.tex)
(c:/texlive/2026/texmf-dist/tex/latex/libertine/LKey.tex)
LaTeX Info: Redefining \textsup on input line 552.
)
(c:/texlive/2026/texmf-dist/tex/latex/geometry/geometry.sty
Package: geometry 2020/01/02 v5.9 Page Geometry

(c:/texlive/2026/texmf-dist/tex/generic/iftex/ifvtex.sty
Package: ifvtex 2019/10/25 v1.7 ifvtex legacy package. Use iftex instead.
)
\Gm@cnth=\count311
\Gm@cntv=\count312
\c@Gm@tempcnt=\count313
\Gm@bindingoffset=\dimen161
\Gm@wd@mp=\dimen162
\Gm@odd@mp=\dimen163
\Gm@even@mp=\dimen164
\Gm@layoutwidth=\dimen165
\Gm@layoutheight=\dimen166
\Gm@layouthoffset=\dimen167
\Gm@layoutvoffset=\dimen168
\Gm@dimlist=\toks27
)
(c:/texlive/2026/texmf-dist/tex/latex/xcolor/xcolor.sty
Package: xcolor 2024/09/29 v3.02 LaTeX color extensions (UK)

(c:/texlive/2026/texmf-dist/tex/latex/graphics-cfg/color.cfg
File: color.cfg 2016/01/02 v1.6 sample color configuration
)
Package xcolor Info: Driver file: luatex.def on input line 274.

(c:/texlive/2026/texmf-dist/tex/latex/graphics-def/luatex.def
File: luatex.def 2025/09/29 v1.2f Graphics/color driver for luatex
)
(c:/texlive/2026/texmf-dist/tex/latex/graphics/mathcolor.ltx)
Package xcolor Info: Model `cmy' substituted by `cmy0' on input line 1349.
Package xcolor Info: Model `hsb' substituted by `rgb' on input line 1353.
Package xcolor Info: Model `RGB' extended on input line 1365.
Package xcolor Info: Model `HTML' substituted by `rgb' on input line 1367.
Package xcolor Info: Model `Hsb' substituted by `hsb' on input line 1368.
Package xcolor Info: Model `tHsb' substituted by `hsb' on input line 1369.
Package xcolor Info: Model `HSB' substituted by `hsb' on input line 1370.
Package xcolor Info: Model `Gray' substituted by `gray' on input line 1371.
Package xcolor Info: Model `wave' substituted by `hsb' on input line 1372.
)
(c:/texlive/2026/texmf-dist/tex/latex/xcolor/svgnam.def
File: svgnam.def 2024/09/29 v3.02 Predefined colors according to SVG 1.1 (UK)
)
(c:/texlive/2026/texmf-dist/tex/latex/framed/framed.sty
Package: framed 2011/10/22 v 0.96: framed or shaded text with page breaks
\OuterFrameSep=\skip54
\fb@frw=\dimen169
\fb@frh=\dimen170
\FrameRule=\dimen171
\FrameSep=\dimen172
)
(c:/texlive/texmf-local/tex/lualatex/luadraw/luadraw.sty
Package: luadraw 2026/03/12 version 2.7, provides luadraw environment for drawi
ng with lua

(c:/texlive/2026/texmf-dist/tex/lualatex/luacode/luacode.sty
Package: luacode 2012/01/23 v1.2a lua-in-tex helpers (mpg)
\luacode@lines=\toks28
\luacode@table@soft=\catcodetable20
)
(c:/texlive/2026/texmf-dist/tex/latex/tools/verbatim.sty
Package: verbatim 2024-01-22 v1.5x LaTeX2e package for verbatim enhancements
\every@verbatim=\toks29
\verbatim@line=\toks30
\verbatim@in@stream=\read2
)
(c:/texlive/2026/texmf-dist/tex/latex/pgf/frontendlayer/tikz.sty
(c:/texlive/2026/texmf-dist/tex/latex/pgf/basiclayer/pgf.sty
(c:/texlive/2026/texmf-dist/tex/latex/pgf/utilities/pgfrcs.sty
(c:/texlive/2026/texmf-dist/tex/generic/pgf/utilities/pgfutil-common.tex
\pgfutil@everybye=\toks31
\pgfutil@tempdima=\dimen173
\pgfutil@tempdimb=\dimen174
)
(c:/texlive/2026/texmf-dist/tex/generic/pgf/utilities/pgfutil-latex.def
\pgfutil@abb=\box55
)
(c:/texlive/2026/texmf-dist/tex/generic/pgf/utilities/pgfrcs.code.tex
(c:/texlive/2026/texmf-dist/tex/generic/pgf/pgf.revision.tex)
Package: pgfrcs 2025-08-29 v3.1.11a (3.1.11a)
))
Package: pgf 2025-08-29 v3.1.11a (3.1.11a)

(c:/texlive/2026/texmf-dist/tex/latex/pgf/basiclayer/pgfcore.sty
(c:/texlive/2026/texmf-dist/tex/latex/graphics/graphicx.sty
Package: graphicx 2024/12/31 v1.2e Enhanced LaTeX Graphics (DPC,SPQR)

(c:/texlive/2026/texmf-dist/tex/latex/graphics/graphics.sty
Package: graphics 2024/08/06 v1.4g Standard LaTeX Graphics (DPC,SPQR)

(c:/texlive/2026/texmf-dist/tex/latex/graphics/trig.sty
Package: trig 2023/12/02 v1.11 sin cos tan (DPC)
)
(c:/texlive/2026/texmf-dist/tex/latex/graphics-cfg/graphics.cfg
File: graphics.cfg 2016/06/04 v1.11 sample graphics configuration
)
Package graphics Info: Driver file: luatex.def on input line 106.
)
\Gin@req@height=\dimen175
\Gin@req@width=\dimen176
)
(c:/texlive/2026/texmf-dist/tex/latex/pgf/systemlayer/pgfsys.sty
(c:/texlive/2026/texmf-dist/tex/generic/pgf/systemlayer/pgfsys.code.tex
Package: pgfsys 2025-08-29 v3.1.11a (3.1.11a)

(c:/texlive/2026/texmf-dist/tex/generic/pgf/utilities/pgfkeys.code.tex
\pgfkeys@pathtoks=\toks32
\pgfkeys@temptoks=\toks33

(c:/texlive/2026/texmf-dist/tex/generic/pgf/utilities/pgfkeyslibraryfiltered.co
de.tex
\pgfkeys@tmptoks=\toks34
))
\pgf@x=\dimen177
\pgf@y=\dimen178
\pgf@xa=\dimen179
\pgf@ya=\dimen180
\pgf@xb=\dimen181
\pgf@yb=\dimen182
\pgf@xc=\dimen183
\pgf@yc=\dimen184
\pgf@xd=\dimen185
\pgf@yd=\dimen186
\w@pgf@writea=\write3
\r@pgf@reada=\read3
\c@pgf@counta=\count314
\c@pgf@countb=\count315
\c@pgf@countc=\count316
\c@pgf@countd=\count317
\t@pgf@toka=\toks35
\t@pgf@tokb=\toks36
\t@pgf@tokc=\toks37
\pgf@sys@id@count=\count318
 (c:/texlive/2026/texmf-dist/tex/generic/pgf/systemlayer/pgf.cfg
File: pgf.cfg 2025-08-29 v3.1.11a (3.1.11a)
)
Driver file for pgf: pgfsys-luatex.def

(c:/texlive/2026/texmf-dist/tex/generic/pgf/systemlayer/pgfsys-luatex.def
File: pgfsys-luatex.def 2025-08-29 v3.1.11a (3.1.11a)

(c:/texlive/2026/texmf-dist/tex/generic/pgf/systemlayer/pgfsys-common-pdf.def
File: pgfsys-common-pdf.def 2025-08-29 v3.1.11a (3.1.11a)
)))
(c:/texlive/2026/texmf-dist/tex/generic/pgf/systemlayer/pgfsyssoftpath.code.tex
File: pgfsyssoftpath.code.tex 2025-08-29 v3.1.11a (3.1.11a)
\pgfsyssoftpath@smallbuffer@items=\count319
\pgfsyssoftpath@bigbuffer@items=\count320
)
(c:/texlive/2026/texmf-dist/tex/generic/pgf/systemlayer/pgfsysprotocol.code.tex
File: pgfsysprotocol.code.tex 2025-08-29 v3.1.11a (3.1.11a)
)) (c:/texlive/2026/texmf-dist/tex/generic/pgf/basiclayer/pgfcore.code.tex
Package: pgfcore 2025-08-29 v3.1.11a (3.1.11a)

(c:/texlive/2026/texmf-dist/tex/generic/pgf/math/pgfmath.code.tex
(c:/texlive/2026/texmf-dist/tex/generic/pgf/math/pgfmathutil.code.tex)
(c:/texlive/2026/texmf-dist/tex/generic/pgf/math/pgfmathparser.code.tex
\pgfmath@dimen=\dimen187
\pgfmath@count=\count321
\pgfmath@box=\box56
\pgfmath@toks=\toks38
\pgfmath@stack@operand=\toks39
\pgfmath@stack@operation=\toks40
)
(c:/texlive/2026/texmf-dist/tex/generic/pgf/math/pgfmathfunctions.code.tex)
(c:/texlive/2026/texmf-dist/tex/generic/pgf/math/pgfmathfunctions.basic.code.te
x)
(c:/texlive/2026/texmf-dist/tex/generic/pgf/math/pgfmathfunctions.trigonometric
.code.tex)
(c:/texlive/2026/texmf-dist/tex/generic/pgf/math/pgfmathfunctions.random.code.t
ex)
(c:/texlive/2026/texmf-dist/tex/generic/pgf/math/pgfmathfunctions.comparison.co
de.tex)
(c:/texlive/2026/texmf-dist/tex/generic/pgf/math/pgfmathfunctions.base.code.tex
)
(c:/texlive/2026/texmf-dist/tex/generic/pgf/math/pgfmathfunctions.round.code.te
x)
(c:/texlive/2026/texmf-dist/tex/generic/pgf/math/pgfmathfunctions.misc.code.tex
)
(c:/texlive/2026/texmf-dist/tex/generic/pgf/math/pgfmathfunctions.integerarithm
etics.code.tex)
(c:/texlive/2026/texmf-dist/tex/generic/pgf/math/pgfmathcalc.code.tex)
(c:/texlive/2026/texmf-dist/tex/generic/pgf/math/pgfmathfloat.code.tex
\c@pgfmathroundto@lastzeros=\count322
))
(c:/texlive/2026/texmf-dist/tex/generic/pgf/math/pgfint.code.tex)
(c:/texlive/2026/texmf-dist/tex/generic/pgf/basiclayer/pgfcorepoints.code.tex
File: pgfcorepoints.code.tex 2025-08-29 v3.1.11a (3.1.11a)
\pgf@picminx=\dimen188
\pgf@picmaxx=\dimen189
\pgf@picminy=\dimen190
\pgf@picmaxy=\dimen191
\pgf@pathminx=\dimen192
\pgf@pathmaxx=\dimen193
\pgf@pathminy=\dimen194
\pgf@pathmaxy=\dimen195
\pgf@xx=\dimen196
\pgf@xy=\dimen197
\pgf@yx=\dimen198
\pgf@yy=\dimen199
\pgf@zx=\dimen256
\pgf@zy=\dimen257
)
(c:/texlive/2026/texmf-dist/tex/generic/pgf/basiclayer/pgfcorepathconstruct.cod
e.tex
File: pgfcorepathconstruct.code.tex 2025-08-29 v3.1.11a (3.1.11a)
\pgf@path@lastx=\dimen258
\pgf@path@lasty=\dimen259
)
(c:/texlive/2026/texmf-dist/tex/generic/pgf/basiclayer/pgfcorepathusage.code.te
x
File: pgfcorepathusage.code.tex 2025-08-29 v3.1.11a (3.1.11a)
\pgf@shorten@end@additional=\dimen260
\pgf@shorten@start@additional=\dimen261
)
(c:/texlive/2026/texmf-dist/tex/generic/pgf/basiclayer/pgfcorescopes.code.tex
File: pgfcorescopes.code.tex 2025-08-29 v3.1.11a (3.1.11a)
\pgfpic=\box57
\pgf@hbox=\box58
\pgf@layerbox@main=\box59
\pgf@picture@serial@count=\count323
)
(c:/texlive/2026/texmf-dist/tex/generic/pgf/basiclayer/pgfcoregraphicstate.code
.tex
File: pgfcoregraphicstate.code.tex 2025-08-29 v3.1.11a (3.1.11a)
\pgflinewidth=\dimen262
)
(c:/texlive/2026/texmf-dist/tex/generic/pgf/basiclayer/pgfcoretransformations.c
ode.tex
File: pgfcoretransformations.code.tex 2025-08-29 v3.1.11a (3.1.11a)
\pgf@pt@x=\dimen263
\pgf@pt@y=\dimen264
\pgf@pt@temp=\dimen265
)
(c:/texlive/2026/texmf-dist/tex/generic/pgf/basiclayer/pgfcorequick.code.tex
File: pgfcorequick.code.tex 2025-08-29 v3.1.11a (3.1.11a)
)
(c:/texlive/2026/texmf-dist/tex/generic/pgf/basiclayer/pgfcoreobjects.code.tex
File: pgfcoreobjects.code.tex 2025-08-29 v3.1.11a (3.1.11a)
)
(c:/texlive/2026/texmf-dist/tex/generic/pgf/basiclayer/pgfcorepathprocessing.co
de.tex
File: pgfcorepathprocessing.code.tex 2025-08-29 v3.1.11a (3.1.11a)
)
(c:/texlive/2026/texmf-dist/tex/generic/pgf/basiclayer/pgfcorearrows.code.tex
File: pgfcorearrows.code.tex 2025-08-29 v3.1.11a (3.1.11a)
\pgfarrowsep=\dimen266
)
(c:/texlive/2026/texmf-dist/tex/generic/pgf/basiclayer/pgfcoreshade.code.tex
File: pgfcoreshade.code.tex 2025-08-29 v3.1.11a (3.1.11a)
\pgf@max=\dimen267
\pgf@sys@shading@range@num=\count324
\pgf@shadingcount=\count325
)
(c:/texlive/2026/texmf-dist/tex/generic/pgf/basiclayer/pgfcoreimage.code.tex
File: pgfcoreimage.code.tex 2025-08-29 v3.1.11a (3.1.11a)
)
(c:/texlive/2026/texmf-dist/tex/generic/pgf/basiclayer/pgfcoreexternal.code.tex
File: pgfcoreexternal.code.tex 2025-08-29 v3.1.11a (3.1.11a)
\pgfexternal@startupbox=\box60
) (c:/texlive/2026/texmf-dist/tex/generic/pgf/basiclayer/pgfcorelayers.code.tex
File: pgfcorelayers.code.tex 2025-08-29 v3.1.11a (3.1.11a)
)
(c:/texlive/2026/texmf-dist/tex/generic/pgf/basiclayer/pgfcoretransparency.code
.tex
File: pgfcoretransparency.code.tex 2025-08-29 v3.1.11a (3.1.11a)
)
(c:/texlive/2026/texmf-dist/tex/generic/pgf/basiclayer/pgfcorepatterns.code.tex
File: pgfcorepatterns.code.tex 2025-08-29 v3.1.11a (3.1.11a)
) (c:/texlive/2026/texmf-dist/tex/generic/pgf/basiclayer/pgfcorerdf.code.tex
File: pgfcorerdf.code.tex 2025-08-29 v3.1.11a (3.1.11a)
))) (c:/texlive/2026/texmf-dist/tex/generic/pgf/modules/pgfmoduleshapes.code.te
x
File: pgfmoduleshapes.code.tex 2025-08-29 v3.1.11a (3.1.11a)
\pgfnodeparttextbox=\box61
)
(c:/texlive/2026/texmf-dist/tex/generic/pgf/modules/pgfmoduleplot.code.tex
File: pgfmoduleplot.code.tex 2025-08-29 v3.1.11a (3.1.11a)
)
(c:/texlive/2026/texmf-dist/tex/latex/pgf/compatibility/pgfcomp-version-0-65.st
y
Package: pgfcomp-version-0-65 2025-08-29 v3.1.11a (3.1.11a)
\pgf@nodesepstart=\dimen268
\pgf@nodesepend=\dimen269
)
(c:/texlive/2026/texmf-dist/tex/latex/pgf/compatibility/pgfcomp-version-1-18.st
y
Package: pgfcomp-version-1-18 2025-08-29 v3.1.11a (3.1.11a)
)) (c:/texlive/2026/texmf-dist/tex/latex/pgf/utilities/pgffor.sty
(c:/texlive/2026/texmf-dist/tex/latex/pgf/utilities/pgfkeys.sty
(c:/texlive/2026/texmf-dist/tex/generic/pgf/utilities/pgfkeys.code.tex))
(c:/texlive/2026/texmf-dist/tex/latex/pgf/math/pgfmath.sty
(c:/texlive/2026/texmf-dist/tex/generic/pgf/math/pgfmath.code.tex))
(c:/texlive/2026/texmf-dist/tex/generic/pgf/utilities/pgffor.code.tex
Package: pgffor 2025-08-29 v3.1.11a (3.1.11a)
\pgffor@iter=\dimen270
\pgffor@skip=\dimen271
\pgffor@stack=\toks41
\pgffor@toks=\toks42
))
(c:/texlive/2026/texmf-dist/tex/generic/pgf/frontendlayer/tikz/tikz.code.tex
Package: tikz 2025-08-29 v3.1.11a (3.1.11a)

(c:/texlive/2026/texmf-dist/tex/generic/pgf/libraries/pgflibraryplothandlers.co
de.tex
File: pgflibraryplothandlers.code.tex 2025-08-29 v3.1.11a (3.1.11a)
\pgf@plot@mark@count=\count326
\pgfplotmarksize=\dimen272
)
\tikz@lastx=\dimen273
\tikz@lasty=\dimen274
\tikz@lastxsaved=\dimen275
\tikz@lastysaved=\dimen276
\tikz@lastmovetox=\dimen277
\tikz@lastmovetoy=\dimen278
\tikzleveldistance=\dimen279
\tikzsiblingdistance=\dimen280
\tikz@figbox=\box62
\tikz@figbox@bg=\box63
\tikz@tempbox=\box64
\tikz@tempbox@bg=\box65
\tikztreelevel=\count327
\tikznumberofchildren=\count328
\tikznumberofcurrentchild=\count329
\tikz@fig@count=\count330

(c:/texlive/2026/texmf-dist/tex/generic/pgf/modules/pgfmodulematrix.code.tex
File: pgfmodulematrix.code.tex 2025-08-29 v3.1.11a (3.1.11a)
\pgfmatrixcurrentrow=\count331
\pgfmatrixcurrentcolumn=\count332
\pgf@matrix@numberofcolumns=\count333
)
\tikz@expandcount=\count334

(c:/texlive/2026/texmf-dist/tex/generic/pgf/frontendlayer/tikz/libraries/tikzli
brarytopaths.code.tex
File: tikzlibrarytopaths.code.tex 2025-08-29 v3.1.11a (3.1.11a)
)))
(c:/texlive/2026/texmf-dist/tex/generic/pgf/frontendlayer/tikz/libraries/tikzli
brarypatterns.code.tex
File: tikzlibrarypatterns.code.tex 2025-08-29 v3.1.11a (3.1.11a)

(c:/texlive/2026/texmf-dist/tex/generic/pgf/libraries/pgflibrarypatterns.code.t
ex
File: pgflibrarypatterns.code.tex 2025-08-29 v3.1.11a (3.1.11a)
))
(c:/texlive/2026/texmf-dist/tex/generic/pgf/frontendlayer/tikz/libraries/tikzli
braryplotmarks.code.tex
File: tikzlibraryplotmarks.code.tex 2025-08-29 v3.1.11a (3.1.11a)

(c:/texlive/2026/texmf-dist/tex/generic/pgf/libraries/pgflibraryplotmarks.code.
tex
File: pgflibraryplotmarks.code.tex 2025-08-29 v3.1.11a (3.1.11a)
))
(c:/texlive/2026/texmf-dist/tex/generic/pgf/libraries/pgflibraryarrows.meta.cod
e.tex
File: pgflibraryarrows.meta.code.tex 2025-08-29 v3.1.11a (3.1.11a)
\pgfarrowinset=\dimen281
\pgfarrowlength=\dimen282
\pgfarrowwidth=\dimen283
\pgfarrowlinewidth=\dimen284
)
(c:/texlive/2026/texmf-dist/tex/generic/pgf/frontendlayer/tikz/libraries/tikzli
brarydecorations.markings.code.tex
(c:/texlive/2026/texmf-dist/tex/generic/pgf/frontendlayer/tikz/libraries/tikzli
brarydecorations.code.tex
(c:/texlive/2026/texmf-dist/tex/generic/pgf/modules/pgfmoduledecorations.code.t
ex
\pgfdecoratedcompleteddistance=\dimen285
\pgfdecoratedremainingdistance=\dimen286
\pgfdecoratedinputsegmentcompleteddistance=\dimen287
\pgfdecoratedinputsegmentremainingdistance=\dimen288
\pgf@decorate@distancetomove=\dimen289
\pgf@decorate@repeatstate=\count335
\pgfdecorationsegmentamplitude=\dimen290
\pgfdecorationsegmentlength=\dimen291
)
\tikz@lib@dec@box=\box66
)
(c:/texlive/2026/texmf-dist/tex/generic/pgf/libraries/decorations/pgflibrarydec
orations.markings.code.tex))
(c:/texlive/2026/texmf-dist/tex/generic/pgf/frontendlayer/tikz/libraries/tikzli
brarybackgrounds.code.tex
File: tikzlibrarybackgrounds.code.tex 2025-08-29 v3.1.11a (3.1.11a)
\pgf@layerbox@background=\box67
\pgf@layerboxsaved@background=\box68
)
\c@luaDraw@progcount=\count336
)
(c:/texlive/2026/texmf-dist/tex/latex/fancyhdr/fancyhdr.sty
Package: fancyhdr 2025/02/07 v5.2 Extensive control of page headers and footers

\f@nch@headwidth=\skip55
\f@nch@offset@elh=\skip56
\f@nch@offset@erh=\skip57
\f@nch@offset@olh=\skip58
\f@nch@offset@orh=\skip59
\f@nch@offset@elf=\skip60
\f@nch@offset@erf=\skip61
\f@nch@offset@olf=\skip62
\f@nch@offset@orf=\skip63
\f@nch@height=\skip64
\f@nch@footalignment=\skip65
\f@nch@widthL=\skip66
\f@nch@widthC=\skip67
\f@nch@widthR=\skip68
\@temptokenb=\toks43
)
(c:/texlive/2026/texmf-dist/tex/latex/hyperref/hyperref.sty
Package: hyperref 2026-01-29 v7.01p Hypertext links for LaTeX

(c:/texlive/2026/texmf-dist/tex/latex/kvsetkeys/kvsetkeys.sty
Package: kvsetkeys 2022-10-05 v1.19 Key value parser (HO)
)
(c:/texlive/2026/texmf-dist/tex/generic/kvdefinekeys/kvdefinekeys.sty
Package: kvdefinekeys 2019-12-19 v1.6 Define keys (HO)
)
(c:/texlive/2026/texmf-dist/tex/generic/pdfescape/pdfescape.sty
Package: pdfescape 2019/12/09 v1.15 Implements pdfTeX's escape features (HO)
)
(c:/texlive/2026/texmf-dist/tex/latex/hycolor/hycolor.sty
Package: hycolor 2020-01-27 v1.10 Color options for hyperref/bookmark (HO)
)
(c:/texlive/2026/texmf-dist/tex/latex/hyperref/nameref.sty
Package: nameref 2026-01-29 v2.58 Cross-referencing by name of section

(c:/texlive/2026/texmf-dist/tex/latex/refcount/refcount.sty
Package: refcount 2019/12/15 v3.6 Data extraction from label references (HO)
)
(c:/texlive/2026/texmf-dist/tex/generic/gettitlestring/gettitlestring.sty
Package: gettitlestring 2019/12/15 v1.6 Cleanup title references (HO)

(c:/texlive/2026/texmf-dist/tex/latex/kvoptions/kvoptions.sty
Package: kvoptions 2022-06-15 v3.15 Key value format for package options (HO)
))
\c@section@level=\count337
)
(c:/texlive/2026/texmf-dist/tex/generic/stringenc/stringenc.sty
Package: stringenc 2019/11/29 v1.12 Convert strings between diff. encodings (HO
)
)
\@linkdim=\dimen292
\Hy@linkcounter=\count338
\Hy@pagecounter=\count339

(c:/texlive/2026/texmf-dist/tex/latex/hyperref/pd1enc.def
File: pd1enc.def 2026-01-29 v7.01p Hyperref: PDFDocEncoding definition (HO)
)
(c:/texlive/2026/texmf-dist/tex/generic/intcalc/intcalc.sty
Package: intcalc 2019/12/15 v1.3 Expandable calculations with integers (HO)
)
\Hy@SavedSpaceFactor=\count340

(c:/texlive/2026/texmf-dist/tex/latex/hyperref/puenc.def
File: puenc.def 2026-01-29 v7.01p Hyperref: PDF Unicode definition (HO)
)
Package hyperref Info: Option `unicode' set `true' on input line 4072.
Package hyperref Info: Hyper figures OFF on input line 4201.
Package hyperref Info: Link nesting OFF on input line 4206.
Package hyperref Info: Hyper index ON on input line 4209.
Package hyperref Info: Plain pages OFF on input line 4216.
Package hyperref Info: Backreferencing OFF on input line 4221.
Package hyperref Info: Implicit mode ON; LaTeX internals redefined.
Package hyperref Info: Bookmarks ON on input line 4468.
\c@Hy@tempcnt=\count341

(c:/texlive/2026/texmf-dist/tex/latex/url/url.sty
\Urlmuskip=\muskip17
Package: url 2013/09/16  ver 3.4  Verb mode for urls, etc.
)
LaTeX Info: Redefining \url on input line 4807.
\XeTeXLinkMargin=\dimen293

(c:/texlive/2026/texmf-dist/tex/generic/bitset/bitset.sty
Package: bitset 2019/12/09 v1.3 Handle bit-vector datatype (HO)

(c:/texlive/2026/texmf-dist/tex/generic/bigintcalc/bigintcalc.sty
Package: bigintcalc 2019/12/15 v1.5 Expandable calculations on big integers (HO
)
))
\Fld@menulength=\count342
\Field@Width=\dimen294
\Fld@charsize=\dimen295
Package hyperref Info: Hyper figures OFF on input line 6084.
Package hyperref Info: Link nesting OFF on input line 6089.
Package hyperref Info: Hyper index ON on input line 6092.
Package hyperref Info: backreferencing OFF on input line 6099.
Package hyperref Info: Link coloring OFF on input line 6104.
Package hyperref Info: Link coloring with OCG OFF on input line 6109.
Package hyperref Info: PDF/A mode OFF on input line 6114.
\Hy@abspage=\count343
\c@Item=\count344
\c@Hfootnote=\count345
)
Package hyperref Info: Driver (autodetected): hluatex.

(c:/texlive/2026/texmf-dist/tex/latex/hyperref/hluatex.def
File: hluatex.def 2026-01-29 v7.01p Hyperref driver for luaTeX
\Fld@listcount=\count346
\c@bookmark@seq@number=\count347

(c:/texlive/2026/texmf-dist/tex/latex/rerunfilecheck/rerunfilecheck.sty
Package: rerunfilecheck 2025-06-21 v1.11 Rerun checks for auxiliary files (HO)

(c:/texlive/2026/texmf-dist/tex/generic/uniquecounter/uniquecounter.sty
Package: uniquecounter 2019/12/15 v1.4 Provide unlimited unique counter (HO)
)
Package uniquecounter Info: New unique counter `rerunfilecheck' on input line 2
84.
)
\Hy@SectionHShift=\skip69
)
Package hyperref Info: Option `colorlinks' set `true' on input line 56.
Package hyperref Info: Option `bookmarksnumbered' set `true' on input line 56.

(c:/texlive/2026/texmf-dist/tex/latex/listings/listings.sty
\lst@mode=\count348
\lst@gtempboxa=\box69
\lst@token=\toks44
\lst@length=\count349
\lst@currlwidth=\dimen296
\lst@column=\count350
\lst@pos=\count351
\lst@lostspace=\dimen297
\lst@width=\dimen298
\lst@newlines=\count352
\lst@lineno=\count353
\lst@maxwidth=\dimen299

(c:/texlive/2026/texmf-dist/tex/latex/listings/lstpatch.sty
File: lstpatch.sty 2025/11/14 1.11b (Carsten Heinz)
)
(c:/texlive/2026/texmf-dist/tex/latex/listings/lstmisc.sty
File: lstmisc.sty 2025/11/14 1.11b (Carsten Heinz)
\c@lstnumber=\count354
\lst@skipnumbers=\count355
\lst@framebox=\box70
)
(c:/texlive/2026/texmf-dist/tex/latex/listings/listings.cfg
File: listings.cfg 2025/11/14 1.11b listings configuration
))
Package: listings 2025/11/14 1.11b (Carsten Heinz)

(c:/texlive/2026/texmf-dist/tex/luatex/luatexja/patches/lltjp-listings.sty
(c:/texlive/2026/texmf-dist/tex/luatex/luatexbase/luatexbase-cctb.sty
Package: luatexbase-cctb 2015/10/04 v1.3 luatexbase interface to LuaTeX (legacy
 subpackage) 
)
\ltj@lst@japanese@min=\count356
\CatcodeTableLTJlistings=\catcodetable21
\ltj@lst@frame@lslimit@h=\dimen300
\ltj@lst@frame@lslimit@d=\dimen301

(c:/texlive/2026/texmf-dist/tex/latex/listings/lstmisc.sty
File: lstmisc.sty 2025/11/14 1.11b (Carsten Heinz)
\lst@WFtoken=\toks45
\lst@WF=\write4
))
==> First Aid for listings.sty no longer applied!
    Expected:
        2024/09/23 1.10c (Carsten Heinz)
    but found:
        2025/11/14 1.11b (Carsten Heinz)
    so I'm assuming it got fixed.
(c:/texlive/2026/texmf-dist/tex/latex/listings/lstlang1.sty
File: lstlang1.sty 2025/11/14 1.11b listings language file
)
(c:/texlive/2026/texmf-dist/tex/latex/listings/lstlang1.sty
File: lstlang1.sty 2025/11/14 1.11b listings language file
)
(c:/texlive/2026/texmf-dist/tex/latex/enumitem/enumitem.sty
Package: enumitem 2025/02/06 v3.11 Customized lists
\enitkv@toks@=\toks46
\labelindent=\skip70
\enit@outerparindent=\dimen302
\enit@toks=\toks47
\enit@inbox=\box71
\enit@count@id=\count357
\enitdp@description=\count358
)
LaTeX Font Info:    Redeclaring symbol font `CJKmath' on input line 109.
LaTeX Font Info:    Overwriting symbol font `CJKmath' in version `normal'
(Font)                  LTJY3/song/m/n --> LTJY3/NotoSerifCJKSC(0)/m/n on input
 line 109.
LaTeX Font Info:    Overwriting symbol font `CJKmath' in version `bold'
(Font)                  LTJY3/song/b/n --> LTJY3/NotoSerifCJKSC(0)/m/n on input
 line 109.
LaTeX Font Info:    Overwriting symbol font `CJKmath' in version `bold'
(Font)                  LTJY3/NotoSerifCJKSC(0)/m/n --> LTJY3/NotoSerifCJKSC(0)
/b/n on input line 109.
 (./main.aux)
\openout1 = main.aux

LaTeX Font Info:    Checking defaults for OML/cmm/m/it on input line 109.
LaTeX Font Info:    ... okay on input line 109.
LaTeX Font Info:    Checking defaults for OMS/cmsy/m/n on input line 109.
LaTeX Font Info:    ... okay on input line 109.
LaTeX Font Info:    Checking defaults for OT1/cmr/m/n on input line 109.
LaTeX Font Info:    ... okay on input line 109.
LaTeX Font Info:    Checking defaults for T1/cmr/m/n on input line 109.
LaTeX Font Info:    ... okay on input line 109.
LaTeX Font Info:    Checking defaults for TS1/cmr/m/n on input line 109.
LaTeX Font Info:    ... okay on input line 109.
LaTeX Font Info:    Checking defaults for TU/lmr/m/n on input line 109.
LaTeX Font Info:    ... okay on input line 109.
LaTeX Font Info:    Checking defaults for OMX/cmex/m/n on input line 109.
LaTeX Font Info:    ... okay on input line 109.
LaTeX Font Info:    Checking defaults for U/cmr/m/n on input line 109.
LaTeX Font Info:    ... okay on input line 109.
LaTeX Font Info:    Checking defaults for LTJY3/song/m/n on input line 109.
LaTeX Font Info:    ... okay on input line 109.
LaTeX Font Info:    Checking defaults for PD1/pdf/m/n on input line 109.
LaTeX Font Info:    ... okay on input line 109.
LaTeX Font Info:    Checking defaults for PU/pdf/m/n on input line 109.
LaTeX Font Info:    ... okay on input line 109.

Package fontspec Info: 
(fontspec)             Adjusting the maths setup (use [no-math] to avoid
(fontspec)             this).

\symlegacymaths=\mathgroup5
LaTeX Font Info:    Overwriting symbol font `legacymaths' in version `bold'
(Font)                  OT1/cmr/m/n --> OT1/cmr/bx/n on input line 109.
LaTeX Font Info:    Redeclaring math accent \acute on input line 109.
LaTeX Font Info:    Redeclaring math accent \grave on input line 109.
LaTeX Font Info:    Redeclaring math accent \ddot on input line 109.
LaTeX Font Info:    Redeclaring math accent \tilde on input line 109.
LaTeX Font Info:    Redeclaring math accent \bar on input line 109.
LaTeX Font Info:    Redeclaring math accent \breve on input line 109.
LaTeX Font Info:    Redeclaring math accent \check on input line 109.
LaTeX Font Info:    Redeclaring math accent \hat on input line 109.
LaTeX Font Info:    Redeclaring math accent \dot on input line 109.
LaTeX Font Info:    Redeclaring math accent \mathring on input line 109.
LaTeX Font Info:    Redeclaring math symbol \colon on input line 109.
LaTeX Font Info:    Redeclaring math symbol \Gamma on input line 109.
LaTeX Font Info:    Redeclaring math symbol \Delta on input line 109.
LaTeX Font Info:    Redeclaring math symbol \Theta on input line 109.
LaTeX Font Info:    Redeclaring math symbol \Lambda on input line 109.
LaTeX Font Info:    Redeclaring math symbol \Xi on input line 109.
LaTeX Font Info:    Redeclaring math symbol \Pi on input line 109.
LaTeX Font Info:    Redeclaring math symbol \Sigma on input line 109.
LaTeX Font Info:    Redeclaring math symbol \Upsilon on input line 109.
LaTeX Font Info:    Redeclaring math symbol \Phi on input line 109.
LaTeX Font Info:    Redeclaring math symbol \Psi on input line 109.
LaTeX Font Info:    Redeclaring math symbol \Omega on input line 109.
LaTeX Font Info:    Redeclaring math symbol \mathdollar on input line 109.
LaTeX Font Info:    Redeclaring symbol font `operators' on input line 109.
LaTeX Font Info:    Encoding `OT1' has changed to `TU' for symbol font
(Font)              `operators' in the math version `normal' on input line 109.

LaTeX Font Info:    Overwriting symbol font `operators' in version `normal'
(Font)                  OT1/cmr/m/n --> TU/LinLibertine(0)/m/n on input line 10
9.
LaTeX Font Info:    Encoding `OT1' has changed to `TU' for symbol font
(Font)              `operators' in the math version `bold' on input line 109.
LaTeX Font Info:    Overwriting symbol font `operators' in version `bold'
(Font)                  OT1/cmr/bx/n --> TU/LinLibertine(0)/m/n on input line 1
09.
LaTeX Font Info:    Overwriting symbol font `operators' in version `normal'
(Font)                  TU/LinLibertine(0)/m/n --> TU/LinLibertine(0)/m/n on in
put line 109.
LaTeX Font Info:    Overwriting math alphabet `\mathit' in version `normal'
(Font)                  OT1/cmr/m/it --> TU/LinLibertine(0)/m/it on input line 
109.
LaTeX Font Info:    Overwriting math alphabet `\mathbf' in version `normal'
(Font)                  OT1/cmr/bx/n --> TU/LinLibertine(0)/b/n on input line 1
09.
LaTeX Font Info:    Overwriting math alphabet `\mathsf' in version `normal'
(Font)                  OT1/cmss/m/n --> TU/LinBiolinum(0)/m/n on input line 10
9.
LaTeX Font Info:    Overwriting math alphabet `\mathtt' in version `normal'
(Font)                  OT1/cmtt/m/n --> TU/lmtt/m/n on input line 109.
LaTeX Font Info:    Overwriting symbol font `operators' in version `bold'
(Font)                  TU/LinLibertine(0)/m/n --> TU/LinLibertine(0)/b/n on in
put line 109.
LaTeX Font Info:    Overwriting math alphabet `\mathit' in version `bold'
(Font)                  OT1/cmr/bx/it --> TU/LinLibertine(0)/b/it on input line
 109.
LaTeX Font Info:    Overwriting math alphabet `\mathsf' in version `bold'
(Font)                  OT1/cmss/bx/n --> TU/LinBiolinum(0)/b/n on input line 1
09.
LaTeX Font Info:    Overwriting math alphabet `\mathtt' in version `bold'
(Font)                  OT1/cmtt/m/n --> TU/lmtt/b/n on input line 109.

*geometry* driver: auto-detecting
*geometry* detected driver: luatex
*geometry* verbose mode - [ preamble ] result:
* driver: luatex
* paper: a4paper
* layout: <same size as paper>
* layoutoffset:(h,v)=(0.0pt,0.0pt)
* modes: 
* h-part:(L,W,R)=(56.9055pt, 483.69687pt, 56.9055pt)
* v-part:(T,H,B)=(85.35826pt, 674.33032pt, 85.35826pt)
* \paperwidth=597.50787pt
* \paperheight=845.04684pt
* \textwidth=483.69687pt
* \textheight=674.33032pt
* \oddsidemargin=-15.36449pt
* \evensidemargin=-15.36449pt
* \topmargin=-23.91173pt
* \headheight=12.0pt
* \headsep=25.0pt
* \topskip=11.0pt
* \footskip=30.0pt
* \marginparwidth=59.0pt
* \marginparsep=10.0pt
* \columnsep=10.0pt
* \skip\footins=10.0pt plus 4.0pt minus 2.0pt
* \hoffset=0.0pt
* \voffset=0.0pt
* \mag=1000
* \@twocolumnfalse
* \@twosidefalse
* \@mparswitchfalse
* \@reversemarginfalse
* (1in=72.27pt=25.4mm, 1cm=28.453pt)

(c:/texlive/2026/texmf-dist/tex/context/base/mkii/supp-pdf.mkii
[Loading MPS to PDF converter (version 2006.09.02).]
\scratchcounter=\count359
\scratchdimen=\dimen303
\scratchbox=\box72
\nofMPsegments=\count360
\nofMParguments=\count361
\everyMPshowfont=\toks48
\MPscratchCnt=\count362
\MPscratchDim=\dimen304
\MPnumerator=\count363
\makeMPintoPDFobject=\count364
\everyMPtoPDFconversion=\toks49
) (c:/texlive/2026/texmf-dist/tex/latex/epstopdf-pkg/epstopdf-base.sty
Package: epstopdf-base 2020-01-24 v2.11 Base part for package epstopdf
Package epstopdf-base Info: Redefining graphics rule for `.eps' on input line 4
85.

(c:/texlive/2026/texmf-dist/tex/latex/latexconfig/epstopdf-sys.cfg
File: epstopdf-sys.cfg 2010/07/13 v1.3 Configuration of (r)epstopdf for TeX Liv
e
))
Package hyperref Info: Link coloring ON on input line 109.

(./main.out) (./main.out)
\@outlinefile=\write5

\openout5 = main.out
\c@lstlisting=\count365
LaTeX Font Info:    Font shape `TU/LinLibertine(0)/m/n' will be
(Font)              scaled to size 17.28pt on input line 119.
LaTeX Font Info:    Font shape `TU/LinLibertine(0)/m/n' will be
(Font)              scaled to size 20.74pt on input line 119.
LaTeX Font Info:    Font shape `TU/LinLibertine(0)/b/n' will be
(Font)              scaled to size 20.74pt on input line 119.
LaTeX Font Info:    Font shape `TU/LinLibertine(0)/m/n' will be
(Font)              scaled to size 14.4pt on input line 119.
LaTeX Font Info:    Font shape `TU/LinLibertine(0)/m/n' will be
(Font)              scaled to size 12.0pt on input line 119.
LaTeX Font Info:    External font `cmex10' loaded for size
(Font)              <20.74> on input line 119.
LaTeX Font Info:    External font `cmex10' loaded for size
(Font)              <14.4> on input line 119.
LaTeX Font Info:    External font `cmex10' loaded for size
(Font)              <12> on input line 119.
LaTeX Font Info:    Font shape `TU/LinLibertine(0)/m/n' will be
(Font)              scaled to size 10.0pt on input line 119.
LaTeX Font Info:    Font shape `TU/LinLibertine(0)/m/n' will be
(Font)              scaled to size 7.0pt on input line 119.
LaTeX Font Info:    External font `cmex10' loaded for size
(Font)              <7> on input line 119.
LaTeX Font Info:    Font shape `TU/LinLibertine(0)/m/n' will be
(Font)              scaled to size 8.0pt on input line 119.
LaTeX Font Info:    Font shape `TU/LinLibertine(0)/m/n' will be
(Font)              scaled to size 6.0pt on input line 119.
LaTeX Font Info:    External font `cmex10' loaded for size
(Font)              <8> on input line 119.
LaTeX Font Info:    External font `cmex10' loaded for size
(Font)              <6> on input line 119.
LaTeX Font Info:    Font shape `TU/LinLibertine(0)/b/n' will be
(Font)              scaled to size 14.4pt on input line 119.
LaTeX Font Info:    Font shape `TU/LinLibertine(0)/m/n' will be
(Font)              scaled to size 5.0pt on input line 119.
LaTeX Font Info:    External font `cmex10' loaded for size
(Font)              <5> on input line 119.
LaTeX Font Info:    Font shape `TU/LinLibertine(0)/m/n' will be
(Font)              scaled to size 9.0pt on input line 119.
LaTeX Font Info:    External font `cmex10' loaded for size
(Font)              <9> on input line 119.

Package fontspec Info: 
(fontspec)             Could not resolve font "Noto Serif CJK SC/BI" (it
(fontspec)             probably doesn't exist).


Package fontspec Info: 
(fontspec)             Could not resolve font "Noto Serif CJK SC/I" (it
(fontspec)             probably doesn't exist).

(load cache: extra_lmmono10-regular.luc)

Package fontspec Info: 
(fontspec)             Font family 'NotoSerifCJKSC(1)' created for font 'Noto
(fontspec)             Serif CJK SC' with options
(fontspec)             [NFSSEncoding=LTJY3,JFM=zh_CN/quanjiao,LTJFONTUID=3].
(fontspec)              
(fontspec)              This font family consists of the following NFSS
(fontspec)             series/shapes:
(fontspec)              
(fontspec)             - 'normal' (m/n) with NFSS spec.: <->"name:Noto Serif
(fontspec)             CJK
(fontspec)             SC:mode=node;script=latn;language=dflt;jfm=zh_CN/quanjia
o;"
(fontspec)             - 'bold' (b/n) with NFSS spec.: <->"name:Noto Serif CJK
(fontspec)             SC/B:mode=node;script=latn;language=dflt;jfm=zh_CN/quanj
iao;"

(load cache: extra_lmmono9-regular.luc)
1
LaTeX Font Info:    Font shape `TU/LinLibertine(0)/b/n' will be
(Font)              scaled to size 10.95pt on input line 124.
LaTeX Font Info:    Font shape `TU/LinLibertine(0)/m/sl' in size <10.95> not av
ailable
(Font)              Font shape `TU/LinLibertine(0)/m/it' tried instead on input
 line 141.
LaTeX Font Info:    Font shape `TU/LinLibertine(0)/m/it' will be
(Font)              scaled to size 10.95pt on input line 141.
LaTeX Font Info:    Font shape `LTJY3/NotoSerifCJKSC(0)/m/sl' in size <10.95> n
ot available
(Font)              Font shape `LTJY3/NotoSerifCJKSC(0)/m/it' tried instead on 
input line 141.

Package fancyhdr Warning: \headheight is too small (12.0pt): 
(fancyhdr)                Make it at least 13.71603pt, for example:
(fancyhdr)                \setlength{\headheight}{13.71603pt}.
(fancyhdr)                You might also make \topmargin smaller:
(fancyhdr)                \addtolength{\topmargin}{-1.71603pt}.


Package fancyhdr Warning: \footskip is too small (30.0pt): 
(fancyhdr)                Make it at least 38.22324pt, for example:
(fancyhdr)                \setlength{\footskip}{38.22324pt}.

[1{c:/texlive/2026/texmf-var/fonts/map/pdftex/updmap/pdftex.map}

]
Overfull \hbox (11.19592pt too wide) in paragraph at lines 141--142
[]|\LTJY3/NotoSerifCJKSC(1)/m/n/10.95 如 |果 |你 |已 |经 |仔 |细 |阅 |
读 |了 [][]\TU/LinLibertine(0)/m/n/10.95 install-latex-guide-zh-cn[][] |\LTJY
3/NotoSerifCJKSC(1)/m/n/10.95 并 |且 |顺 |利 |安 |装 |了 \TU/LinLibertin
e(0)/m/n/10.95 TeXLive[] |\LTJY3/NotoSerifCJKSC(1)/m/n/10.95 此 |时 |在 |
终 |端 |中 |输 |入 \TU/lmtt/m/n/10.95 xelatex
 []

Removing  `ltj.process_input_buffer' from `process_input_buffer'.
Inserting `ltj.listings_unicode' in `process_input_buffer'.
Inserting `ltj.process_input_buffer' in `process_input_buffer'.(load cache: extr
a_lmmono8-regular.luc)
LaTeX Font Info:    Font shape `TU/lmtt/bx/n' in size <10> not available
(Font)              Font shape `TU/lmtt/b/n' tried instead on input line 152.
(load cache: extra_lmmonolt10-bold.luc)
LaTeX Font Info:    Font shape `LTJY3/NotoSerifCJKSC(1)/bx/n' in size <10> not 
available
(Font)              Font shape `LTJY3/NotoSerifCJKSC(1)/b/n' tried instead on i
nput line 152.
Removing  `ltj.listings_unicode' from `process_input_buffer'.
<open-terminal.png, id=41, 1104.125pt x 594.22pt>
File: open-terminal.png Graphic file (type png)
<use open-terminal.png>
Package luatex.def Info: open-terminal.png  used on input line 171.
(luatex.def)             Requested size: 362.77264pt x 195.2409pt.
Missing character: There is no 」 (U+300D) in font [LinLibertine_R.otf]:mode=no
de;script=latn;language=dflt;+tlig;+tnum;+onum;!
Missing character: There is no 」 (U+300D) in font [LinLibertine_R.otf]:mode=no
de;script=latn;language=dflt;+tlig;+tnum;+onum;!

Package fancyhdr Warning: \headheight is too small (12.0pt): 
(fancyhdr)                Make it at least 13.71603pt, for example:
(fancyhdr)                \setlength{\headheight}{13.71603pt}.
(fancyhdr)                You might also make \topmargin smaller:
(fancyhdr)                \addtolength{\topmargin}{-1.71603pt}.


Package fancyhdr Warning: \footskip is too small (30.0pt): 
(fancyhdr)                Make it at least 38.22324pt, for example:
(fancyhdr)                \setlength{\footskip}{38.22324pt}.

[2<./open-terminal.png>]
(c:/texlive/2026/texmf-dist/tex/latex/listings/lstlang1.sty
File: lstlang1.sty 2025/11/14 1.11b listings language file
)
(c:/texlive/2026/texmf-dist/tex/latex/listings/lstlang2.sty
File: lstlang2.sty 2025/11/14 1.11b listings language file
)
(c:/texlive/2026/texmf-dist/tex/latex/listings/lstlang3.sty
File: lstlang3.sty 2025/11/14 1.11b listings language file
)
(c:/texlive/2026/texmf-dist/tex/latex/listings/lstlang1.sty
File: lstlang1.sty 2025/11/14 1.11b listings language file
)
(c:/texlive/2026/texmf-dist/tex/latex/listings/lstlang2.sty
File: lstlang2.sty 2025/11/14 1.11b listings language file
)
(c:/texlive/2026/texmf-dist/tex/latex/listings/lstlang3.sty
File: lstlang3.sty 2025/11/14 1.11b listings language file
)
(c:/texlive/2026/texmf-dist/tex/latex/listings/lstlang1.sty
File: lstlang1.sty 2025/11/14 1.11b listings language file
)
(c:/texlive/2026/texmf-dist/tex/latex/listings/lstlang2.sty
File: lstlang2.sty 2025/11/14 1.11b listings language file
)
(c:/texlive/2026/texmf-dist/tex/latex/listings/lstlang3.sty
File: lstlang3.sty 2025/11/14 1.11b listings language file
)
(c:/texlive/2026/texmf-dist/tex/latex/listings/lstmisc.sty
File: lstmisc.sty 2025/11/14 1.11b (Carsten Heinz)
)
Removing  `ltj.process_input_buffer' from `process_input_buffer'.
Inserting `ltj.listings_unicode' in `process_input_buffer'.
Inserting `ltj.process_input_buffer' in `process_input_buffer'.
Removing  `ltj.listings_unicode' from `process_input_buffer'.
<vscode-terminal.png, id=69, 1045.40562pt x 595.22375pt>
File: vscode-terminal.png Graphic file (type png)
<use vscode-terminal.png>
Package luatex.def Info: vscode-terminal.png  used on input line 189.
(luatex.def)             Requested size: 483.69687pt x 275.40474pt.
Removing  `ltj.process_input_buffer' from `process_input_buffer'.
Inserting `ltj.listings_unicode' in `process_input_buffer'.
Inserting `ltj.process_input_buffer' in `process_input_buffer'.
Removing  `ltj.listings_unicode' from `process_input_buffer'.
<compiling.png, id=70, 1565.85pt x 1102.1175pt>
File: compiling.png Graphic file (type png)
<use compiling.png>
Package luatex.def Info: compiling.png  used on input line 203.
(luatex.def)             Requested size: 483.69687pt x 340.44208pt.


Package fancyhdr Warning: \headheight is too small (12.0pt): 
(fancyhdr)                Make it at least 13.71603pt, for example:
(fancyhdr)                \setlength{\headheight}{13.71603pt}.
(fancyhdr)                You might also make \topmargin smaller:
(fancyhdr)                \addtolength{\topmargin}{-1.71603pt}.


Package fancyhdr Warning: \footskip is too small (30.0pt): 
(fancyhdr)                Make it at least 38.22324pt, for example:
(fancyhdr)                \setlength{\footskip}{38.22324pt}.

[3
Missing character: There is no 」 (U+300D) in font [LinLibertine_R.otf]:mode=no
de;script=latn;language=dflt;+tlig;+tnum;+onum;!
<./vscode-terminal.png>]
2
<LW-install.png, id=84, 1637.11626pt x 1142.2675pt>
File: LW-install.png Graphic file (type png)
<use LW-install.png>
Package luatex.def Info: LW-install.png  used on input line 216.
(luatex.def)             Requested size: 447.42107pt x 312.18114pt.

Package fancyhdr Warning: \headheight is too small (12.0pt): 
(fancyhdr)                Make it at least 13.71603pt, for example:
(fancyhdr)                \setlength{\headheight}{13.71603pt}.
(fancyhdr)                You might also make \topmargin smaller:
(fancyhdr)                \addtolength{\topmargin}{-1.71603pt}.


Package fancyhdr Warning: \footskip is too small (30.0pt): 
(fancyhdr)                Make it at least 38.22324pt, for example:
(fancyhdr)                \setlength{\footskip}{38.22324pt}.

[4<./compiling.png>]
LaTeX Font Info:    Font shape `TU/lmtt/bx/n' in size <10.95> not available
(Font)              Font shape `TU/lmtt/b/n' tried instead on input line 219.
LaTeX Font Info:    Font shape `LTJY3/NotoSerifCJKSC(1)/bx/n' in size <10.95> n
ot available
(Font)              Font shape `LTJY3/NotoSerifCJKSC(1)/b/n' tried instead on i
nput line 219.
<TeX-panel.png, id=90, 896.85063pt x 313.67188pt>
File: TeX-panel.png Graphic file (type png)
<use TeX-panel.png>
Package luatex.def Info: TeX-panel.png  used on input line 222.
(luatex.def)             Requested size: 459.51054pt x 160.7124pt.
Removing  `ltj.process_input_buffer' from `process_input_buffer'.
Inserting `ltj.listings_unicode' in `process_input_buffer'.
Inserting `ltj.process_input_buffer' in `process_input_buffer'.

Package fancyhdr Warning: \headheight is too small (12.0pt): 
(fancyhdr)                Make it at least 13.71603pt, for example:
(fancyhdr)                \setlength{\headheight}{13.71603pt}.
(fancyhdr)                You might also make \topmargin smaller:
(fancyhdr)                \addtolength{\topmargin}{-1.71603pt}.


Package fancyhdr Warning: \footskip is too small (30.0pt): 
(fancyhdr)                Make it at least 38.22324pt, for example:
(fancyhdr)                \setlength{\footskip}{38.22324pt}.

[5<./LW-install.png><./TeX-panel.png>]
Removing  `ltj.listings_unicode' from `process_input_buffer'.
Removing  `ltj.process_input_buffer' from `process_input_buffer'.
Inserting `ltj.listings_unicode' in `process_input_buffer'.
Inserting `ltj.process_input_buffer' in `process_input_buffer'.

Package fancyhdr Warning: \headheight is too small (12.0pt): 
(fancyhdr)                Make it at least 13.71603pt, for example:
(fancyhdr)                \setlength{\headheight}{13.71603pt}.
(fancyhdr)                You might also make \topmargin smaller:
(fancyhdr)                \addtolength{\topmargin}{-1.71603pt}.


Package fancyhdr Warning: \footskip is too small (30.0pt): 
(fancyhdr)                Make it at least 38.22324pt, for example:
(fancyhdr)                \setlength{\footskip}{38.22324pt}.

[6]
Removing  `ltj.listings_unicode' from `process_input_buffer'.
Removing  `ltj.process_input_buffer' from `process_input_buffer'.
Inserting `ltj.listings_unicode' in `process_input_buffer'.
Inserting `ltj.process_input_buffer' in `process_input_buffer'.
Removing  `ltj.listings_unicode' from `process_input_buffer'.
Removing  `ltj.process_input_buffer' from `process_input_buffer'.
Inserting `ltj.listings_unicode' in `process_input_buffer'.
Inserting `ltj.process_input_buffer' in `process_input_buffer'.
Removing  `ltj.listings_unicode' from `process_input_buffer'.
Removing  `ltj.process_input_buffer' from `process_input_buffer'.
Inserting `ltj.listings_unicode' in `process_input_buffer'.
Inserting `ltj.process_input_buffer' in `process_input_buffer'.
Removing  `ltj.listings_unicode' from `process_input_buffer'.

Package fancyhdr Warning: \headheight is too small (12.0pt): 
(fancyhdr)                Make it at least 13.71603pt, for example:
(fancyhdr)                \setlength{\headheight}{13.71603pt}.
(fancyhdr)                You might also make \topmargin smaller:
(fancyhdr)                \addtolength{\topmargin}{-1.71603pt}.


Package fancyhdr Warning: \footskip is too small (30.0pt): 
(fancyhdr)                Make it at least 38.22324pt, for example:
(fancyhdr)                \setlength{\footskip}{38.22324pt}.

[7]
Removing  `ltj.process_input_buffer' from `process_input_buffer'.
Inserting `ltj.listings_unicode' in `process_input_buffer'.
Inserting `ltj.process_input_buffer' in `process_input_buffer'.
Removing  `ltj.listings_unicode' from `process_input_buffer'.
<settings-json.png, id=187, 1284.8pt x 630.85687pt>
File: settings-json.png Graphic file (type png)
<use settings-json.png>
Package luatex.def Info: settings-json.png  used on input line 388.
(luatex.def)             Requested size: 483.69687pt x 237.50447pt.
<settings-panel.png, id=188, 627.84563pt x 590.70688pt>
File: settings-panel.png Graphic file (type png)
<use settings-panel.png>
Package luatex.def Info: settings-panel.png  used on input line 394.
(luatex.def)             Requested size: 457.09708pt x 430.05872pt.


Package fancyhdr Warning: \headheight is too small (12.0pt): 
(fancyhdr)                Make it at least 13.71603pt, for example:
(fancyhdr)                \setlength{\headheight}{13.71603pt}.
(fancyhdr)                You might also make \topmargin smaller:
(fancyhdr)                \addtolength{\topmargin}{-1.71603pt}.


Package fancyhdr Warning: \footskip is too small (30.0pt): 
(fancyhdr)                Make it at least 38.22324pt, for example:
(fancyhdr)                \setlength{\footskip}{38.22324pt}.

[8<./settings-json.png>]
Removing  `ltj.process_input_buffer' from `process_input_buffer'.
Inserting `ltj.listings_unicode' in `process_input_buffer'.
Inserting `ltj.process_input_buffer' in `process_input_buffer'.

Package fancyhdr Warning: \headheight is too small (12.0pt): 
(fancyhdr)                Make it at least 13.71603pt, for example:
(fancyhdr)                \setlength{\headheight}{13.71603pt}.
(fancyhdr)                You might also make \topmargin smaller:
(fancyhdr)                \addtolength{\topmargin}{-1.71603pt}.


Package fancyhdr Warning: \footskip is too small (30.0pt): 
(fancyhdr)                Make it at least 38.22324pt, for example:
(fancyhdr)                \setlength{\footskip}{38.22324pt}.

[9<./settings-panel.png>]
Removing  `ltj.listings_unicode' from `process_input_buffer'.
Overfull \hbox (28.03676pt too wide) in paragraph at lines 446--447
|\LTJY3/NotoSerifCJKSC(1)/m/n/10.95 的 |原 |因 |是 |界 |面 |右 |上 |
角 |的 [] |绿 |色 |三 |角 [] |按 |钮 |\LTJY3/NotoSerifCJKSC(1)/bx/n/10.
95 默 |认 |\LTJY3/NotoSerifCJKSC(1)/m/n/10.95 通 |过 |键 |值 |对 \TU/lmt
t/m/n/10.95 latex-workshop.latex.recipe.default="first"
 []

<settings-config.png, id=221, 666.49pt x 575.14874pt>
File: settings-config.png Graphic file (type png)
<use settings-config.png>
Package luatex.def Info: settings-config.png  used on input line 451.
(luatex.def)             Requested size: 483.69687pt x 417.41534pt.

Package fancyhdr Warning: \headheight is too small (12.0pt): 
(fancyhdr)                Make it at least 13.71603pt, for example:
(fancyhdr)                \setlength{\headheight}{13.71603pt}.
(fancyhdr)                You might also make \topmargin smaller:
(fancyhdr)                \addtolength{\topmargin}{-1.71603pt}.


Package fancyhdr Warning: \footskip is too small (30.0pt): 
(fancyhdr)                Make it at least 38.22324pt, for example:
(fancyhdr)                \setlength{\footskip}{38.22324pt}.

[10]
Overfull \hbox (18.45845pt too wide) in paragraph at lines 454--455
[]|\LTJY3/NotoSerifCJKSC(1)/bx/n/10.95 永 |远 |要 |牢 |记\TU/LinLibertine(
0)/m/n/10.95 : |\LTJY3/NotoSerifCJKSC(1)/m/n/10.95 点 |击 \TU/LinLibertine(0)
/m/n/10.95 La-TeX Work-shop |\LTJY3/NotoSerifCJKSC(1)/m/n/10.95 提 [] |的 [] 
|绿 |色 |三 |角 [] |按 |钮 [] [] |背 |后 |的 |行 |为 |等 |价 |于\
TU/LinLibertine(0)/m/n/10.95 : [] [] \TU/lmtt/b/n/10.95 settings.json
 []

<error-panel.png, id=260, 2569.6pt x 1302.8675pt>
File: error-panel.png Graphic file (type png)
<use error-panel.png>
Package luatex.def Info: error-panel.png  used on input line 459.
(luatex.def)             Requested size: 483.69687pt x 245.2413pt.

Package fancyhdr Warning: \headheight is too small (12.0pt): 
(fancyhdr)                Make it at least 13.71603pt, for example:
(fancyhdr)                \setlength{\headheight}{13.71603pt}.
(fancyhdr)                You might also make \topmargin smaller:
(fancyhdr)                \addtolength{\topmargin}{-1.71603pt}.


Package fancyhdr Warning: \footskip is too small (30.0pt): 
(fancyhdr)                Make it at least 38.22324pt, for example:
(fancyhdr)                \setlength{\footskip}{38.22324pt}.

[11<./settings-config.png>]
3
LaTeX Font Info:    Font shape `TU/LinLibertine(0)/b/n' will be
(Font)              scaled to size 12.0pt on input line 464.
LaTeX Font Info:    Font shape `TU/lmtt/bx/n' in size <12> not available
(Font)              Font shape `TU/lmtt/b/n' tried instead on input line 469.
LaTeX Font Info:    Font shape `LTJY3/NotoSerifCJKSC(1)/bx/n' in size <12> not 
available
(Font)              Font shape `LTJY3/NotoSerifCJKSC(1)/b/n' tried instead on i
nput line 469.

Package fancyhdr Warning: \headheight is too small (12.0pt): 
(fancyhdr)                Make it at least 13.71603pt, for example:
(fancyhdr)                \setlength{\headheight}{13.71603pt}.
(fancyhdr)                You might also make \topmargin smaller:
(fancyhdr)                \addtolength{\topmargin}{-1.71603pt}.


Package fancyhdr Warning: \footskip is too small (30.0pt): 
(fancyhdr)                Make it at least 38.22324pt, for example:
(fancyhdr)                \setlength{\footskip}{38.22324pt}.

[12<./error-panel.png>]
LaTeX Font Info:    External font `cmex10' loaded for size
(Font)              <10.95> on input line 491.
<editors.png, id=278, 422.07687pt x 258.9675pt>
File: editors.png Graphic file (type png)
<use editors.png>
Package luatex.def Info: editors.png  used on input line 499.
(luatex.def)             Requested size: 423.6243pt x 259.9231pt.


Package fancyhdr Warning: \headheight is too small (12.0pt): 
(fancyhdr)                Make it at least 13.71603pt, for example:
(fancyhdr)                \setlength{\headheight}{13.71603pt}.
(fancyhdr)                You might also make \topmargin smaller:
(fancyhdr)                \addtolength{\topmargin}{-1.71603pt}.


Package fancyhdr Warning: \footskip is too small (30.0pt): 
(fancyhdr)                Make it at least 38.22324pt, for example:
(fancyhdr)                \setlength{\footskip}{38.22324pt}.

[13<./editors.png>]
Removing  `ltj.process_input_buffer' from `process_input_buffer'.
Inserting `ltj.listings_unicode' in `process_input_buffer'.
Inserting `ltj.process_input_buffer' in `process_input_buffer'.
Removing  `ltj.listings_unicode' from `process_input_buffer'.
Removing  `ltj.process_input_buffer' from `process_input_buffer'.
Inserting `ltj.listings_unicode' in `process_input_buffer'.
Inserting `ltj.process_input_buffer' in `process_input_buffer'.
Removing  `ltj.listings_unicode' from `process_input_buffer'.

Package fancyhdr Warning: \headheight is too small (12.0pt): 
(fancyhdr)                Make it at least 13.71603pt, for example:
(fancyhdr)                \setlength{\headheight}{13.71603pt}.
(fancyhdr)                You might also make \topmargin smaller:
(fancyhdr)                \addtolength{\topmargin}{-1.71603pt}.


Package fancyhdr Warning: \footskip is too small (30.0pt): 
(fancyhdr)                Make it at least 38.22324pt, for example:
(fancyhdr)                \setlength{\footskip}{38.22324pt}.

[14]
Removing  `ltj.process_input_buffer' from `process_input_buffer'.
Inserting `ltj.listings_unicode' in `process_input_buffer'.
Inserting `ltj.process_input_buffer' in `process_input_buffer'.
Removing  `ltj.listings_unicode' from `process_input_buffer'.
Removing  `ltj.process_input_buffer' from `process_input_buffer'.
Inserting `ltj.listings_unicode' in `process_input_buffer'.
Inserting `ltj.process_input_buffer' in `process_input_buffer'.
Removing  `ltj.listings_unicode' from `process_input_buffer'.

Package fancyhdr Warning: \headheight is too small (12.0pt): 
(fancyhdr)                Make it at least 13.71603pt, for example:
(fancyhdr)                \setlength{\headheight}{13.71603pt}.
(fancyhdr)                You might also make \topmargin smaller:
(fancyhdr)                \addtolength{\topmargin}{-1.71603pt}.


Package fancyhdr Warning: \footskip is too small (30.0pt): 
(fancyhdr)                Make it at least 38.22324pt, for example:
(fancyhdr)                \setlength{\footskip}{38.22324pt}.

[15] (./main.aux)
 ***********
LaTeX2e <2025-11-01>
L3 programming layer <2022/07/14>
 ***********
Package rerunfilecheck Info: File `main.out' has not changed.
(rerunfilecheck)             Checksum: D68060097A629AFE81C62CAD5A4E48A4;498.
)

Here is how much of LuaTeX's memory you used:
 41002 strings out of 476076
 381520,1648299 words of node,token memory allocated
 766 words of node memory still in use:
   4 hlist, 1 vlist, 1 rule, 4 glue, 3 kern, 1 glyph, 123 attribute, 56 glue_spe
c, 17 attribute_list, 2 write, 6 user_defined, 1 pdf_action nodes
   avail lists: 1:4,2:65925,3:1069,4:11871,5:3109,6:101,7:7474,8:57,9:11021,10:2
1,11:488
 62380 multiletter control sequences out of 65536+600000
 134 fonts using 323712759 bytes
 117i,17n,164p,1185b,1934s stack positions out of 10000i,1000n,20000p,200000b,200000s
<c:/texlive/2026/texmf-dist/fonts/opentype/public/lm/lmmonolt10-bold.otf><c:/tex
live/2026/texmf-dist/fonts/opentype/public/lm/lmmono8-regular.otf><c:/texlive/20
26/texmf-dist/fonts/opentype/public/lm/lmmono9-regular.otf><c:/texlive/2026/texm
f-dist/fonts/opentype/public/lm/lmmono10-regular.otf><c:/Windows/Fonts/NotoSerif
CJKsc-Regular.otf><c:/texlive/2026/texmf-dist/fonts/opentype/public/libertine/Li
nLibertine_R.otf><c:/Windows/Fonts/NotoSerifCJKsc-Bold.otf><c:/texlive/2026/texm
f-dist/fonts/opentype/public/libertine/LinLibertine_RB.otf><c:/texlive/2026/texm
f-dist/fonts/truetype/public/arphic-ttf/gkai00mp.ttf><c:/texlive/2026/texmf-dist
/fonts/opentype/public/libertine/LinLibertine_RI.otf><c:/texlive/2026/texmf-dist
/fonts/type1/public/amsfonts/cm/cmr10.pfb><c:/texlive/2026/texmf-dist/fonts/type
1/public/amsfonts/cm/cmr12.pfb><c:/texlive/2026/texmf-dist/fonts/type1/public/am
sfonts/cm/cmr6.pfb><c:/texlive/2026/texmf-dist/fonts/type1/public/amsfonts/cm/cm
sy10.pfb>
Output written on main.pdf (15 pages, 1824622 bytes).

PDF statistics: 409 PDF objects out of 1000 (max. 8388607)
 334 compressed objects within 4 object streams
 195 named destinations out of 1000 (max. 1048576)
 40 words of extra memory for PDF output out of 10000 (max. 100000000)

